-- phpMyAdmin SQL Dump
-- version 4.6.6deb1+deb.cihar.com~xenial.2
-- https://www.phpmyadmin.net/
--
-- Servidor: localhost
-- Tiempo de generación: 24-05-2019 a las 17:10:30
-- Versión del servidor: 5.7.21-0ubuntu0.16.04.1
-- Versión de PHP: 7.1.16-1+ubuntu16.04.1+deb.sury.org+1

SET SQL_MODE = "NO_AUTO_VALUE_ON_ZERO";
SET time_zone = "+00:00";


/*!40101 SET @OLD_CHARACTER_SET_CLIENT=@@CHARACTER_SET_CLIENT */;
/*!40101 SET @OLD_CHARACTER_SET_RESULTS=@@CHARACTER_SET_RESULTS */;
/*!40101 SET @OLD_COLLATION_CONNECTION=@@COLLATION_CONNECTION */;
/*!40101 SET NAMES utf8mb4 */;

--
-- Base de datos: `diamante`
--

-- --------------------------------------------------------

--
-- Estructura de tabla para la tabla `actividad`
--

CREATE TABLE `actividad` (
  `actividad_id` int(11) NOT NULL,
  `nombre` varchar(100) COLLATE utf8_unicode_ci NOT NULL,
  `descripcion` varchar(500) COLLATE utf8_unicode_ci NOT NULL,
  `instruccion` varchar(150) COLLATE utf8_unicode_ci NOT NULL,
  `ruta_archivo` varchar(255) COLLATE utf8_unicode_ci NOT NULL,
  `grado_id` int(11) NOT NULL,
  `nivel_id` int(11) NOT NULL,
  `categoria_id` int(11) NOT NULL,
  `tipo_revision` char(1) COLLATE utf8_unicode_ci NOT NULL,
  `estado` char(1) COLLATE utf8_unicode_ci NOT NULL DEFAULT 'A',
  `fecha_creacion` date NOT NULL
) ENGINE=InnoDB DEFAULT CHARSET=utf8 COLLATE=utf8_unicode_ci;

--
-- Volcado de datos para la tabla `actividad`
--

INSERT INTO `actividad` (`actividad_id`, `nombre`, `descripcion`, `instruccion`, `ruta_archivo`, `grado_id`, `nivel_id`, `categoria_id`, `tipo_revision`, `estado`, `fecha_creacion`) VALUES
(1, 'Dictado de números', 'La prueba consta de dos elementos, en la parte izquierda tiene un número en texto junto con un icono altavoz y en la derecha un panel manuscrito, el niño deberá escuchar atentamente el número dictado y escribir en el panel manuscrito el número correspondiente.', 'Escribe el número dictado a continuación', 'public/uploads/actividades/primero/espacial/1/index.html', 1, 1, 1, 'M', 'A', '2018-06-08'),
(2, 'Dictado de números', 'La prueba consta de dos elementos, en la parte izquierda tiene un número en texto junto con un icono altavoz y en la derecha un panel manuscrito, el niño deberá escuchar atentamente el número dictado y escribir en el panel manuscrito el número correspondiente.', 'Escribe el número dictado a continuación', 'public/uploads/actividades/primero/espacial/2/index.html', 1, 1, 1, 'M', 'A', '2018-06-12'),
(3, 'Dictado de números', 'La prueba consta de dos elementos, en la parte izquierda tiene un número en texto junto con un icono altavoz y en la derecha un panel manuscrito, el niño deberá escuchar atentamente el número dictado y escribir en el panel manuscrito el número correspondiente.', 'Escribe el número dictado a continuación', 'public/uploads/actividades/primero/espacial/3/index.html', 1, 1, 1, 'M', 'A', '2018-06-12'),
(4, 'Dictado de números', 'La prueba consta de dos elementos, en la parte izquierda tiene un número en texto junto con un icono altavoz y en la derecha un panel manuscrito, el niño deberá escuchar atentamente el número dictado y escribir en el panel manuscrito el número correspondiente.', 'Escribe el número dictado a continuación', 'public/uploads/actividades/primero/espacial/4/index.html', 1, 1, 1, 'M', 'A', '2018-06-12'),
(5, 'Dictado de números', 'La prueba consta de dos elementos, en la parte izquierda tiene un número en texto junto con un icono altavoz y en la derecha un panel manuscrito, el niño deberá escuchar atentamente el número dictado y escribir en el panel manuscrito el número correspondiente.', 'Escribe el número dictado a continuación', 'public/uploads/actividades/primero/espacial/5/index.html', 1, 1, 1, 'M', 'A', '2018-06-12'),
(6, 'Elegir la forma correcta', 'En la parte central de la pantalla, hay una lista de figuras geométricas y el niño debe seleccionar la figura que le solicita el enunciado.', 'Selecciona el círculo', 'public/uploads/actividades/primero/espacial/6/index.html', 1, 1, 2, 'A', 'A', '2018-06-12'),
(7, '¿Cuántos lados tiene la figura?', 'En la pantalla se presenta una figura geométrica plana, y un campo de texto vacío, el niño debe leer o escuchar la pregunta, con base en la figura y sobre el campo de texto, debe digitar el número de lados o esquinas que tiene.', 'Escribe el número de lados que tiene la figura', 'public/uploads/actividades/primero/espacial/7/index.html', 1, 1, 2, 'A', 'A', '2018-06-12'),
(8, 'Figuras compuestas', 'En el panel central, se presenta una imagen compuesta de figuras geométricas planas elementales, a la derecha del panel hay una lista de figuras geométricas y el niño deberá seleccionar las figuras que se necesitaron para la construcción de la imagen.', 'Escribe la cantidad de figuras que conforman la imagen', 'public/uploads/actividades/primero/espacial/8/index.html', 1, 1, 2, 'A', 'A', '2018-06-12'),
(9, 'Elegir el objeto de la izquierda', 'En la pantalla se divide en dos paneles, un panel izquierdo con un objeto, y un panel derecho con un objeto del mismo tipo. El niño con clic debe seleccionar el objeto del panel izquierdo.', 'Selecciona el objeto de la izquierda', 'public/uploads/actividades/primero/espacial/9/index.html', 1, 1, 2, 'A', 'A', '2018-06-12'),
(10, 'Elegir el objeto de la derecha', 'En la pantalla se divide en dos paneles, un panel izquierdo con un objeto, y un panel derecho con un objeto del mismo tipo. El niño con clic debe seleccionar el objeto del panel derecho.', 'Selecciona el objeto de la derecha', 'public/uploads/actividades/primero/espacial/10/index.html', 1, 1, 2, 'A', 'A', '2018-06-12'),
(11, 'Elegir el objeto de la mitad', 'En la pantalla se divide en tres paneles,cada uno con un objeto del mismo tipo.  El niño con clic debe seleccionar el objeto del panel central.', 'Selecciona el objeto de la mitad', 'public/uploads/actividades/primero/espacial/11/index.html', 1, 1, 2, 'A', 'A', '2018-06-12'),
(12, 'Acomodar los banderines', 'En la pantalla se visualiza un grupo de banderines desordenados, en la pregunta, aparecerá la serie de dirección a la que debe acomodar los banderines, estos cambian de dirección al darles clic.', 'Acomoda los banderines en el siguiente orden: derecha, izquierda, izquierda, izquierda', 'public/uploads/actividades/primero/espacial/12/index.html', 1, 1, 2, 'A', 'A', '2018-06-12'),
(13, 'Elegir el objeto que está lejos, encima y detrás del objetivo', 'En el panel se presenta una imagen con un entorno, y distintos objetos de acuerdo a un contexto y un objetivo gráfico, el niño debe seleccionar con clic, el objeto que según el enunciado se encuentre lejos del objetivo, otro que se encuentre encima y finalmente el que esté detrás del objetivo.', 'Selecciona el objeto que está lejos de Simón, el objeto que está encima de la mesa y el objeto que está detrás de Simón', 'public/uploads/actividades/primero/espacial/13/index.html', 1, 1, 2, 'A', 'A', '2018-06-12'),
(14, 'Elegir el objeto que está más cerca, arriba y delante del objetivo', 'En el panel se presenta una imagen con un entorno, y distintos objetos de acuerdo a un contexto y un objetivo gráfico, el niño debe seleccionar con clic, el objeto que según el enunciado se encuentre más cerca del objetivo, otro que se encuentre arriba y finalmente el que esté detrás del objetivo.', 'Selecciona el objeto que está más cerca a Simón, el objeto que está delante de la casa y el objeto que está arriba de Simón', 'public/uploads/actividades/primero/espacial/14/index.html', 1, 1, 2, 'A', 'A', '2018-06-12'),
(15, 'Elegir el mayor', 'En la pantalla se presenta una imagen que representa un grupo de números desordenados, el niño debe dar clic en el número cuyo valor sea el mayor en todo el grupo.', 'Selecciona el número mayor', 'public/uploads/actividades/primero/espacial/15/index.html', 1, 1, 1, 'A', 'A', '2018-06-12'),
(16, 'Elegir el menor', 'En la pantalla se presenta una imagen que representa un grupo de números desordenados, el niño debe dar clic en el número cuyo valor sea el menor en todo el grupo.', 'Selecciona el número menor', 'public/uploads/actividades/primero/espacial/16/index.html', 1, 1, 1, 'A', 'A', '2018-06-12'),
(17, 'Serie simple con uso de números', 'En la pantalla se presenta una imagen que representa una serie numérica, en la parte inferior hay elementos pertenecientes a la serie, el niño debe leer o escuchar la pregunta, con clic, debe seleccionar el número que sigue en la serie.', 'Selecciona el número que sigue en la serie', 'public/uploads/actividades/primero/espacial/17/index.html', 1, 1, 1, 'A', 'A', '2018-06-12'),
(18, 'Serie simple con uso de ritmos', 'En la pantalla se presenta una imagen que representa una serie, en la parte inferior hay elementos pertenecientes a la serie, el niño debe leer o escuchar la pregunta, con clic, debe seleccionar la figura que continúa en la serie representada.', 'Selecciona el elemento que sigue en la serie', 'public/uploads/actividades/primero/espacial/18/index.html', 1, 1, 4, 'A', 'A', '2018-06-12'),
(19, 'Serie simple con uso de figuras geométricas', 'En la pantalla se presenta una imagen que representa una serie, en la parte inferior hay elementos pertenecientes a la serie, el niño debe leer o escuchar la pregunta, con clic, debe seleccionar la figura que continúa en la serie representada.', '¿Qué figura sigue en la serie?', 'public/uploads/actividades/primero/espacial/19/index.html', 1, 1, 3, 'A', 'A', '2018-06-12'),
(20, 'Conjunto de periquitos', 'En la pantalla habrá dos paneles, uno superior, donde hay dos jaulas marcadas, A y B respectivamente; por otro lado en la parte inferior habrá una serie de periquitos azules y blancos, el niño debe arrastrar los periquitos que sean azules hasta la jaula del conjunto A, y los blancos al conjunto B.', 'Lleva los periquitos azules a la jaula A, y los blancos a la jaula B', 'public/uploads/actividades/primero/espacial/20/index.html', 1, 1, 5, 'A', 'A', '2018-06-12'),
(21, 'Limpiar la habitación', 'En la pantalla habrá dos paneles, uno superior, donde hay dos cajas marcadas, una de juguetes y un tarro de basura, en la parte inferior habrán juguetes y basuras que el niño debe arrastrar hacia su caja correspondiente.', 'Ordena la habitación: coloca los juguetes en la canasta y la basura en el basurero', 'public/uploads/actividades/primero/espacial/21/index.html', 1, 1, 2, 'A', 'A', '2018-06-12'),
(22, 'Conjunto universal', 'En la pantalla habrá dos paneles, uno superior, donde hay dos cajas marcadas, una de juguetes y un tarro de basura, en la parte inferior habrán juguetes y basuras que el niño debe arrastrar hacia su caja correspondiente.', 'Lleva los periquitos al conjunto universal', 'public/uploads/actividades/primero/espacial/22/index.html', 1, 1, 5, 'A', 'A', '2018-06-12'),
(23, 'Cuántos conjuntos podemos formar', 'En la pantalla habrá unos objetos desordenados, el niño debe reconocer qué objetos pueden agruparse de acuerdo a sus características y contar en cuantos conjuntos de objetos del mismo tipo puede crear.', 'Si agrupas los objetos que son iguales, ¿cuántos conjuntos harías?', 'public/uploads/actividades/primero/espacial/23/index.html', 1, 1, 5, 'A', 'A', '2018-06-12'),
(24, 'Imitar la cuadrícula usando figuras', 'En la pantalla habrá dos cuadrículas, en la cuadrícula izquierda se encuentran ubicados tres objetos, distribuidos en forma aleatoria. La cuadrícula derecha estará vacía, mientras que en la parte inferior habrá un panel con tres objetos iguales a los de la cuadrícula izquierda. El niño debe arrastrar los objetos de la derecha, y ubicarlos en la cuadrícula que está vacía, de la misma manera que están dispuestos en la cuadrícula izquierda.', 'Acomoda las figuras de la parte inferior en la cuadrícula derecha, para que sea igual a la cuadrícula izquierda', 'public/uploads/actividades/primero/espacial/24/index.html', 1, 1, 2, 'A', 'A', '2018-06-12'),
(25, 'Imitar la cuadrícula usando números', 'En la pantalla habrá dos cuadrículas, en la cuadrícula izquierda se encuentran ubicados tres objetos, distribuidos en forma aleatoria. La cuadrícula derecha estará vacía, mientras que en la parte inferior habrá un panel con tres objetos iguales a los de la cuadrícula izquierda. El niño debe arrastrar los objetos de la derecha, y ubicarlos en la cuadrícula que está vacía, de la misma manera que están dispuestos en la cuadrícula izquierda.', 'Acomoda los números de la parte inferior en la cuadrícula derecha, para que sea igual a la cuadrícula izquierda', 'public/uploads/actividades/primero/espacial/25/index.html', 1, 1, 2, 'A', 'A', '2018-06-12'),
(26, 'Imitar la cuadrícula usando objetos', 'En la pantalla habrá dos cuadrículas, en la cuadrícula izquierda se encuentran ubicados tres objetos, distribuidos en forma aleatoria. La cuadrícula derecha estará vacía, mientras que en la parte inferior habrá un panel con tres objetos iguales a los de la cuadrícula izquierda. El niño debe arrastrar los objetos de la derecha, y ubicarlos en la cuadrícula que está vacía, de la misma manera que están dispuestos en la cuadrícula izquierda.', 'Acomoda los objetos de la parte inferior en la cuadrícula derecha, para que sea igual a la cuadrícula izquierda', 'public/uploads/actividades/primero/espacial/26/index.html', 1, 1, 2, 'A', 'A', '2018-06-12'),
(27, 'Números en espejo', 'En la pantalla habrá unos objetos desordenados, el niño debe reconocer qué objetos pueden agruparse de acuerdo a sus características y contar en cuantos conjuntos de objetos del mismo tipo puede crear.', 'Selecciona el número nueve', 'public/uploads/actividades/primero/espacial/27/index.html', 1, 1, 1, 'A', 'A', '2018-06-12'),
(28, 'Números en espejo', 'En la pantalla se presentan números cortados y rotados de forma distinta, los niños a través de la pregunta, deben reconocer entre los números, cuál es el número solicitado que está escrito de forma correcta.  Con clic sobre el número seleccionado, queda marcado a través de un recuadro de color verde.', 'Selecciona los números siete y ocho que están bien escritos', 'public/uploads/actividades/primero/espacial/28/index.html', 1, 1, 1, 'A', 'A', '2018-06-12'),
(29, 'Números en espejo', 'En la pantalla se presentan números cortados y rotados de forma distinta, los niños a través de la pregunta, deben reconocer entre los números, cuál es el número solicitado que está escrito de forma correcta.  Con clic sobre el número seleccionado, queda marcado a través de un recuadro de color verde. ', 'Selecciona los números tres y dos que están bien escritos', 'public/uploads/actividades/primero/espacial/29/index.html', 1, 1, 1, 'A', 'A', '2018-06-12'),
(30, 'Números en espejo', 'En la pantalla se presentan números cortados y rotados de forma distinta, los niños a través de la pregunta, deben reconocer entre los números, cuál es el número solicitado que está escrito de forma correcta.  Con clic sobre el número seleccionado, queda marcado a través de un recuadro de color verde.', 'Selecciona los números seis y uno que están bien escritos', 'public/uploads/actividades/primero/espacial/30/index.html', 1, 1, 1, 'A', 'A', '2018-06-12'),
(31, 'Números en espejo', 'En la pantalla se presentan números cortados y rotados de forma distinta, los niños a través de la pregunta, deben reconocer entre los números, cuál es el número solicitado que está escrito de forma correcta.  Con clic sobre el número seleccionado, queda marcado a través de un recuadro de color verde.  ', 'Selecciona el número cinco que está bien escrito', 'public/uploads/actividades/primero/espacial/31/index.html', 1, 1, 1, 'A', 'A', '2018-06-12'),
(32, 'Secuencias cotidianas', 'En la parte superior de la pantalla aparecen tres recuadros y en la parte inferior tres imágenes en orden aleatorio. Estas imágenes representan el estado de una misma situación en diferentes momentos en el tiempo. El estudiante debe ordenar de forma cronológica la situación que se presenta. Para ello debe arrastrar cada imagen al recuadro que considere indicado, ordenando de izquierda a derecha.', 'Ordena la secuencia para construir la torre de cubos', 'public/uploads/actividades/primero/temporal/1/index.html', 1, 2, 7, 'A', 'A', '2018-06-12'),
(33, 'Secuencias cotidianas', 'En la parte superior de la pantalla aparecen tres recuadros y en la parte inferior tres imágenes en orden aleatorio. Estas imágenes representan el estado de una misma situación en diferentes momentos en el tiempo. El estudiante debe ordenar de forma cronológica la situación que se presenta. Para ello debe arrastrar cada imagen al recuadro que considere indicado, ordenando de izquierda a derecha.', 'Ordena la secuencia para comer la manzana', 'public/uploads/actividades/primero/temporal/2/index.html', 1, 2, 7, 'A', 'A', '2018-06-12'),
(34, 'Secuencias cotidianas', 'En la parte superior de la pantalla aparecen tres recuadros y en la parte inferior tres imágenes en orden aleatorio. Estas imágenes representan el estado de una misma situación en diferentes momentos en el tiempo. El estudiante debe ordenar de forma cronológica la situación que se presenta. Para ello debe arrastrar cada imagen al recuadro que considere indicado, ordenando de izquierda a derecha.', 'Ordena la secuencia del nacimiento del pollito', 'public/uploads/actividades/primero/temporal/3/index.html', 1, 2, 7, 'A', 'A', '2018-06-12'),
(35, 'Secuencias rutinas diarias', 'En la parte superior de la pantalla aparecen tres recuadros y en la parte inferior tres imágenes en orden aleatorio. Estas imágenes representan el estado de una secuencia rutinaria del día a día en diferentes momentos en el tiempo. El estudiante debe ordenar de forma cronológica la situación que se presenta. Para ello debe arrastrar cada imagen al recuadro que considere indicado, ordenando de izquierda a derecha.', 'Ordena la secuencia del niño que despierta en la mañana', 'public/uploads/actividades/primero/temporal/4/index.html', 1, 2, 7, 'A', 'A', '2018-06-12'),
(36, 'Secuencias rutinas diarias', 'En la parte superior de la pantalla aparecen tres recuadros y en la parte inferior tres imágenes en orden aleatorio. Estas imágenes representan el estado de una secuencia rutinaria del día a día en diferentes momentos en el tiempo. El estudiante debe ordenar de forma cronológica la situación que se presenta. Para ello debe arrastrar cada imagen al recuadro que considere indicado, ordenando de izquierda a derecha.', 'Ordena la secuencia del padre durante su día a día', 'public/uploads/actividades/primero/temporal/5/index.html', 1, 2, 7, 'A', 'A', '2018-06-12'),
(37, 'Memorización', 'Al niño se le presenta dos paneles, uno superior donde aparecerán 2 o 3 cartas que contienen un número y que serán visibles por un determinado tiempo (3 segundos aproximadamente), y luego se ocultaran. En el panel inferior habrá una lista horizontal de botones con los números del 0 al 9, el niño debe dar clic y seleccionar los dos dígitos correspondientes a las que memorizó anteriormente.', 'Memoriza los números y selecciónalos en orden', 'public/uploads/actividades/primero/temporal/6/index.html', 1, 2, 10, 'A', 'A', '2018-06-12'),
(38, 'Memorización inversa', 'Al niño se le presenta dos paneles, uno superior donde aparecerán 2 cartas que contienen un número y que serán visibles por un determinado tiempo (3 segundos aproximadamente), y luego se ocultarán. En el panel inferior habrá una lista horizontal de botones con los números del 0 al 9, el niño debe dar clic y seleccionar los dos dígitos correspondientes a las que memorizó anteriormente pero en orden inverso.', 'Memoriza los números y selecciónalos en orden contrario', 'public/uploads/actividades/primero/temporal/7/index.html', 1, 2, 10, 'A', 'A', '2018-06-12'),
(39, 'Encontrar la dirección', 'Hay una imagen de un niño que va hacia una casa, a su lado hay tres alternativas pero del mismo color, excepto el número de la casa. En la pregunta se le da al niño la información del número de la casa a la que tiene que ir. El niño deberá seleccionar la casa que coincide con la dirección especificada.', 'Simón debe volver a su casa \"la número 2\", ¿en cuál casa debe entrar?', 'public/uploads/actividades/primero/temporal/8/index.html', 1, 2, 8, 'A', 'A', '2018-06-12'),
(40, 'Encontrar la dirección', 'Hay una imagen de un niño que va hacia una casa, a su lado hay tres alternativas de color y número de la casa. En la pregunta se le da al niño la información del número y color de la casa a la que tiene que ir. El niño deberá seleccionar la casa que coincide con la dirección especificada.', 'Si Simón tiene que ir a la \"casa roja número 3\", ¿en cuál casa debe entrar?', 'public/uploads/actividades/primero/temporal/9/index.html', 1, 2, 8, 'A', 'A', '2018-06-12'),
(41, 'Seleccionar el operador', 'Se muestra una operación aritmética de suma o resta. Sus operandos y resultados son visibles, pero el signo no. En el lado izquierdo se muestran botones con los signos de la suma y resta, respectivamente. El niño, basado en el procedimiento mostrado, debe seleccionar a cuál operación aritmética hace referencia.', 'Selecciona la operación necesaria para que dé el resultado', 'public/uploads/actividades/primero/simbolico/1/index.html', 1, 3, 12, 'A', 'A', '2018-06-12'),
(42, 'Añadir objetos a un conjunto', 'Hay una imagen de  un conjunto, y deberá añadir la cantidad de elementos que sea indicado en la pregunta.', 'Añade 3 helados al conjunto C', 'public/uploads/actividades/primero/simbolico/2/index.html', 1, 3, 12, 'A', 'A', '2018-06-12'),
(43, 'Eliminar objetos de un conjunto', 'Hay una imagen de  un conjunto, y deberá sacar la cantidad de elementos que sea indicado en la pregunta.', 'Saca 2 periquitos del conjunto A', 'public/uploads/actividades/primero/simbolico/3/index.html', 1, 3, 12, 'A', 'A', '2018-06-12'),
(44, 'Escribir el número que falta en la operación', 'Se muestra una operación aritmética de suma o resta. Se muestra una operación con un operando, resultado, signo, pero el otro operando está faltante. El estudiante debe escribir con el teclado el número necesario para que la operación sea correcta.', 'Escribe el número que falta para que dé el resultado', 'public/uploads/actividades/primero/simbolico/4/index.html', 1, 3, 12, 'A', 'A', '2018-06-12'),
(45, 'Escribir el número que falta en la operación', 'Se muestra una operación aritmética de suma o resta. Se muestra una operación con un operando, resultado, signo, pero el otro operando está faltante. El estudiante debe escribir con el teclado el número necesario para que la operación sea correcta.', 'Escribe el número que falta para que dé el resultado', 'public/uploads/actividades/primero/simbolico/5/index.html', 1, 3, 12, 'A', 'A', '2018-06-12'),
(46, 'Objetos sin tachar', 'En la pantalla se presenta una serie de objetos del mismo tipo, de los cuales algunos están tachados. Al lado se encuentra un panel vacío, en el cual debe digitar el número de objetos que quedaron sin tachar.', '¿Cuántas estrellas hay sin tachar?', 'public/uploads/actividades/primero/cognitivo/1/index.html', 1, 4, 13, 'A', 'A', '2018-06-12'),
(47, 'Tachar objetos', 'En la pantalla se presenta una serie de objetos del mismo tipo, al lado se encuentra un panel vacío, en el cual debe tachar la cantidad solicitada y digitar el número de objetos que quedaron sin tachar.', 'Tacha 2 estrellas y escribe cuántas quedan sin tachar', 'public/uploads/actividades/primero/cognitivo/2/index.html', 1, 4, 13, 'A', 'A', '2018-06-12'),
(48, 'Número en palabras', 'En la pantalla aparece un número y un panel manuscrito, el niño deberá escribir el nombre del número con ayuda del mouse. Esta actividad es enviada a su profesor para su posterior calificación. Hay una segunda versión en la cual el niño no escribe el nombre, sino que lo selecciona de 3 opciones posibles, esta actividad se califica de forma automática.', 'Selecciona la palabra asociada al número', 'public/uploads/actividades/primero/cognitivo/3/index.html', 1, 4, 15, 'A', 'A', '2018-06-12'),
(49, 'Número en palabras', 'En la pantalla aparece un número y un panel manuscrito, el niño deberá escribir el nombre del número con ayuda del mouse. Esta actividad es enviada a su profesor para su posterior calificación. Hay una segunda versión en la cual el niño no escribe el nombre, sino que lo selecciona de 3 opciones posibles, esta actividad se califica de forma automática.', 'Selecciona la palabra asociada al número', 'public/uploads/actividades/primero/cognitivo/4/index.html', 1, 4, 15, 'A', 'A', '2018-06-12'),
(50, 'Número en palabras', 'En la pantalla aparece un número y un panel manuscrito, el niño deberá escribir el nombre del número con ayuda del mouse. Esta actividad es enviada a su profesor para su posterior calificación. Hay una segunda versión en la cual el niño no escribe el nombre, sino que lo selecciona de 3 opciones posibles, esta actividad se califica de forma automática.', 'Selecciona la palabra asociada al número', 'public/uploads/actividades/primero/cognitivo/5/index.html', 1, 4, 15, 'A', 'A', '2018-06-12'),
(51, 'Número en palabras', 'En la pantalla aparece un número y un panel manuscrito, el niño deberá escribir el nombre del número con ayuda del mouse. Esta actividad es enviada a su profesor para su posterior calificación. Hay una segunda versión en la cual el niño no escribe el nombre, sino que lo selecciona de 3 opciones posibles, esta actividad se califica de forma automática.', 'Selecciona la palabra asociada al número', 'public/uploads/actividades/primero/cognitivo/6/index.html', 1, 4, 15, 'A', 'A', '2018-06-12'),
(52, 'Seleccionar en cifras el número', 'En la pantalla se presenta un número escrito en letras y el estudiante debe seleccionar el número en cifras. Hay ora versión en donde se presenta la pantalla aparece el nombre de un número  y un panel manuscrito, el niño deberá escribir el número correspondiente con ayuda del mouse. Esta actividad no es calificable pero es enviada a su profesor.', 'Selecciona el número asociado a la palabra', 'public/uploads/actividades/primero/cognitivo/7/index.html', 1, 4, 15, 'A', 'A', '2018-06-12'),
(53, 'Seleccionar en cifras el número', 'En la pantalla se presenta un número escrito en letras y el estudiante debe seleccionar el número en cifras. Hay ora versión en donde se presenta la pantalla aparece el nombre de un número  y un panel manuscrito, el niño deberá escribir el número correspondiente con ayuda del mouse. Esta actividad no es calificable pero es enviada a su profesor.', 'Selecciona el número asociado a la palabra', 'public/uploads/actividades/primero/cognitivo/8/index.html', 1, 4, 15, 'A', 'A', '2018-06-12'),
(54, 'Seleccionar en cifras el número', 'En la pantalla se presenta un número escrito en letras y el estudiante debe seleccionar el número en cifras. Hay ora versión en donde se presenta la pantalla aparece el nombre de un número  y un panel manuscrito, el niño deberá escribir el número correspondiente con ayuda del mouse. Esta actividad no es calificable pero es enviada a su profesor.', 'Selecciona el número asociado a la palabra', 'public/uploads/actividades/primero/cognitivo/9/index.html', 1, 4, 15, 'A', 'A', '2018-06-12'),
(55, 'Seleccionar en cifras el número', 'En la pantalla se presenta un número escrito en letras y el estudiante debe seleccionar el número en cifras. Hay ora versión en donde se presenta la pantalla aparece el nombre de un número  y un panel manuscrito, el niño deberá escribir el número correspondiente con ayuda del mouse. Esta actividad no es calificable pero es enviada a su profesor.', 'Selecciona el número asociado a la palabra', 'public/uploads/actividades/primero/cognitivo/10/index.html', 1, 4, 15, 'A', 'A', '2018-06-12'),
(56, 'Elegir los objetos que están dentro, agrupados o al interior del objetivo', 'En el panel se presenta una imagen con un entorno, y distintos objetos de acuerdo a un contexto y un objetivo gráfico, el niño debe seleccionar con clic, el objeto que según el enunciado se encuentre dentro del objetivo, varios objetos que estén agrupados y finalmente el que muestre el interior del objetivo.', 'Selecciona los objetos que están dentro del cristal, los objetos que están agrupados y el interior de la fruta', 'public/uploads/actividades/primero/espacial/32/index.html', 1, 1, 2, 'A', 'A', '2018-08-13'),
(57, 'Elegir los objetos que están fuera, abajo o debajo del objetivo', 'En el panel se presenta una imagen con un entorno, y distintos objetos de acuerdo a un contexto y un objetivo gráfico, el niño debe seleccionar con clic, el objeto que según el enunciado se encuentre fuera del objetivo, otro que se encuentre abajo y finalmente el que esté debajo del objetivo.', 'Selecciona la jaula que está abajo, el periquito que está fuera de su jaula, y el balón que está debajo de la mesa', 'public/uploads/actividades/primero/espacial/33/index.html', 1, 1, 2, 'A', 'A', '2018-08-13'),
(58, 'Elegir los objetos que están dispersos y al exterior del objetivo', 'En el panel se presenta una imagen con un entorno, y distintos objetos de acuerdo a un contexto y un objetivo gráfico, el niño debe seleccionar con clic, los objetos objeto que según el enunciado se encuentran dispersos y finalmente el exterior del objetivo.', 'Selecciona el exterior de la fruta y los diamantes que están dispersos', 'public/uploads/actividades/primero/espacial/34/index.html', 1, 1, 2, 'A', 'A', '2018-08-13'),
(59, 'Dictado de números ', 'La prueba consta de dos elementos, en la parte izquierda tiene un número en texto junto con un icono altavoz y en la derecha un panel manuscrito, el niño deberá escuchar atentamente el número dictado y escribir en el panel manuscrito el número correspondiente.', 'Escribe el número dictado a continuación', 'public/uploads/actividades/segundo/espacial/1/index.html', 2, 1, 1, 'M', 'A', '2018-08-14'),
(60, 'Elegir la forma correcta', 'En la parte central de la pantalla, hay una lista de figuras geométricas y el niño debe seleccionar la figura que le solicita el enunciado.', 'Selecciona el círculo', 'public/uploads/actividades/segundo/espacial/2/index.html', 2, 1, 3, 'A', 'I', '2018-08-14'),
(61, 'Dictado manual', 'La prueba consta de dos elementos, en la parte izquierda tiene un número en texto junto con un icono altavoz y en la derecha un panel manuscrito, el niño deberá escuchar atentamente el número dictado y escribir en el panel manuscrito el número correspondiente.', 'Escribe el número dictado a continuación', 'public/uploads/actividades/segundo/espacial/3/index.html', 2, 1, 1, 'M', 'A', '2018-08-14'),
(62, 'Elegir la figura geométrica plana correcta', 'En la pantalla se presentan 4 figuras geométricas planas, el niño debe leer la pregunta y seleccionar dando \"clic\" encima de la figura que se especifica', 'Selecciona el pentágono de las siguientes figuras', 'public/uploads/actividades/segundo/espacial/4/index.html', 2, 1, 3, 'A', 'A', '2018-08-14'),
(63, 'Elegir la figura geométrica sólida correcta', 'En la pantalla se presentan 4 figuras geométricas solidas, el niño debe leer la pregunta y seleccionar dando \"clic\" encima de la figura que se especifica', 'Selecciona el cubo de las siguientes figuras', 'public/uploads/actividades/segundo/espacial/5/index.html', 2, 1, 3, 'A', 'A', '2018-08-14'),
(64, '¿Cuántos lados tiene la figura?', 'En la pantalla se presenta una figura geométrica plana o solida, y un campo de texto vacío, el niño debe leer o escuchar la pregunta, con base en la figura y sobre el campo de texto, debe digitar el número de lados o caras que tiene.', 'Escribe el número de lados o caras que tiene la figura', 'public/uploads/actividades/segundo/espacial/6/index.html', 2, 1, 3, 'A', 'A', '2018-08-14'),
(65, 'Imágenes con figuras geométricas', 'En el panel central, se presenta una imagen compuesta de figuras geométricas planas o solidas, a la derecha del panel hay una lista de figuras geométricas y el niño deberá digitar la cantidad de figuras que se necesitaron para la construcción de la imagen.', 'Escribe la cantidad de figuras que conforman la imagen', 'public/uploads/actividades/segundo/espacial/7/index.html', 2, 1, 3, 'A', 'A', '2018-08-14'),
(66, 'Imágenes con figuras geométricas', 'En el panel central, se presenta una imagen compuesta de figuras geométricas planas o solidas, a la derecha del panel hay una lista de figuras geométricas y el niño deberá digitar la cantidad de figuras que se necesitaron para la construcción de la imagen.', 'Escribe la cantidad de figuras que conforman la imagen', 'public/uploads/actividades/segundo/espacial/8/index.html', 2, 1, 3, 'A', 'A', '2018-08-14'),
(67, 'Elegir el niño de la izquierda', 'En la pantalla se muestran 3 imágenes, dos de ellas son niños que se encuentran a la izquierda y a la derecha de una flor, el niño debe seleccionar haciendo \"clic\" encima del niño que se pide en la instrucción.', 'Selecciona el niño que se encuentra a la izquierda de la flor', 'public/uploads/actividades/segundo/espacial/9/index.html', 2, 1, 2, 'A', 'A', '2018-08-14'),
(68, 'Elegir la flor amarilla de la derecha', 'En la pantalla se muestran 3 imágenes de flores, dos de ellas son flores amarillas y una rosada, el niño debe realizar lo que la instrucción le solicita haciendo \"clic\" encima de la flor. ', 'Selecciona la flor amarilla de la derecha', 'public/uploads/actividades/segundo/espacial/10/index.html', 2, 1, 2, 'A', 'A', '2018-08-14'),
(69, 'Elegir la flor morada de la mitad', 'En la pantalla se muestran 3 imágenes de flores moradas, el niño debe seleccionar la flor de acuerdo a la instrucción haciendo \"clic\" sobre la imagen.', 'Selecciona la flor morada que se encuentra en la mitad', 'public/uploads/actividades/segundo/espacial/11/index.html', 2, 1, 2, 'A', 'A', '2018-08-14'),
(70, 'Elegir el objeto que está lejos, encima y detrás', 'En la pantalla se muestra un fondo de una habitación, con diferentes objetos que se pueden seleccionar, el niño debe seleccionar los 3 objetos que cumplen con la instrucción haciendo \"clic\" encima de estos tres.', 'Selecciona el objeto que se encuentra lejos del suelo, el objeto que se encuentra encima de la cama y el objeto que se encuentra detrás del balón', 'public/uploads/actividades/segundo/espacial/12/index.html', 2, 1, 2, 'A', 'A', '2018-08-14'),
(71, 'Elegir el objeto que está más cerca, arriba y delante', 'En la pantalla se muestra un fondo de una habitación, con diferentes objetos que se pueden seleccionar, el niño debe seleccionar los 3 objetos que cumplen con la instrucción haciendo \"clic\" encima de estos tres.', 'Selecciona el objeto que está más cerca del suelo, el objeto que está arriba de la cama y el objeto que está delante del sillón', 'public/uploads/actividades/segundo/espacial/13/index.html', 2, 1, 2, 'A', 'A', '2018-08-14'),
(72, 'Elegir los objetos que están dentro, agrupados o al interior', 'En la pantalla se muestra un fondo de un acuario, con diferentes objetos y/o animales dentro y afuera del acuario, el niño debe seleccionar los 3 objetos y/o animales especificados en la instrucción haciendo \"clic\" sobre ellos si cumplen la característica explicada', 'Selecciona el objeto/animal que se encuentra dentro del castillo, los peces que se encuentran agrupados y lo que se encuentra al interior del acuario', 'public/uploads/actividades/segundo/espacial/14/index.html', 2, 1, 2, 'A', 'A', '2018-08-14'),
(73, 'Elegir los objetos que están fuera, abajo o debajo', 'En la pantalla se muestra un fondo de un acuario, con diferentes objetos y/o animales dentro y afuera del acuario, el niño debe seleccionar los 3 objetos y/o animales especificados en la instrucción haciendo \"clic\" sobre ellos si cumplen la característica explicada', 'Selecciona el animal que se encuentra fuera del castillo, el animal que se encuentra abajo del castillo y el animal que se encuentra debajo del pez', 'public/uploads/actividades/segundo/espacial/15/index.html', 2, 1, 2, 'A', 'A', '2018-08-14'),
(74, 'Elegir los objetos que están dispersos y al exterior', 'En la pantalla se muestra un fondo de un acuario, con diferentes objetos y/o animales dentro y afuera del acuario, el niño debe seleccionar los 3 objetos y/o animales especificados en la instrucción haciendo \"clic\" sobre ellos si cumplen la característica explicada', 'Selecciona los diamantes que se encuentran dispersos y el objeto que se encuentra al exterior del acuario', 'public/uploads/actividades/segundo/espacial/16/index.html', 2, 1, 2, 'A', 'A', '2018-08-14'),
(75, 'Nociones horizontal, vertical y paralelo', 'En la pantalla se muestra un gráfico en el cual el niño debe identificar las lineas verticales, horizontales y diagonales.', 'Colorea de rojo las líneas horizontales, de verde las verticales y azul las diagonales del gráfico', 'public/uploads/actividades/segundo/espacial/17/index.html', 2, 1, 2, 'A', 'A', '2018-08-14'),
(76, 'Direcciones y unidades de desplazamiento', 'En la pantalla se muestra un patrón y un camino formado por flechas y el niño debe organizar las flechas para que el loro llegue a la manzana', 'Gira las flechas respectivamente como el patrón', 'public/uploads/actividades/segundo/espacial/18/index.html', 2, 1, 2, 'A', 'A', '2018-08-14'),
(77, 'Elegir el mayor', 'En la pantalla aparecen una lista de números debe seleccionar el mayor', 'Observa la serie de números y selecciona el mayor', 'public/uploads/actividades/tercero/espacial/1/index.html', 3, 1, 2, 'A', 'A', '2018-08-14'),
(78, 'Elegir el menor número de la serie', 'En la pantalla se muestran 3 números del 0 al 999 y el niño debe escoger el número menor entre 3 opciones', 'Selecciona el número menor', 'public/uploads/actividades/segundo/espacial/19/index.html', 2, 1, 1, 'A', 'A', '2018-08-14'),
(79, 'Elegir el mayor número de la serie', 'En la pantalla se muestran 3 números del 0 al 999 y el niño debe escoger el número mayor entre 3 opciones', 'Selecciona el número mayor', 'public/uploads/actividades/segundo/espacial/20/index.html', 2, 1, 1, 'A', 'A', '2018-08-14'),
(80, 'Completar serie con números', 'En la pantalla se muestra una serie de números, cada serie sigue un patrón y abajo se encuentran 4 posibles opciones, el niño debe seleccionar la respuesta correcta haciendo \"clic\" encima del número correcto.', 'Selecciona el número correcto con el que empieza la serie numérica', 'public/uploads/actividades/segundo/espacial/21/index.html', 2, 1, 6, 'A', 'A', '2018-08-14'),
(81, 'Completar serie con números', 'En la pantalla se muestra una serie de números, cada serie sigue un patrón y abajo se encuentran 4 posibles opciones, el niño debe seleccionar la respuesta correcta haciendo \"clic\" encima del número correcto.', 'Selecciona el número correcto con el que termina la siguiente serie numérica', 'public/uploads/actividades/segundo/espacial/22/index.html', 2, 1, 6, 'A', 'A', '2018-08-14'),
(82, 'Completar serie con números', 'En la pantalla se muestra una serie de números, cada serie sigue un patrón y abajo se encuentran 4 posibles opciones, el niño debe seleccionar la respuesta correcta haciendo \"clic\" encima del número correcto.', 'Selecciona el número correcto que encaja en la siguiente serie numérica', 'public/uploads/actividades/segundo/espacial/23/index.html', 2, 1, 6, 'A', 'A', '2018-08-14'),
(83, 'Completar la serie con frutas', 'En la pantalla se presenta una imagen que representa una serie, en la parte inferior hay elementos pertenecientes a la serie, el niño debe leer o escuchar la pregunta, con clic, debe seleccionar la figura que continúa en la serie representada.', 'Selecciona los elementos que siguen en la serie', 'public/uploads/actividades/segundo/espacial/24/index.html', 2, 1, 4, 'A', 'A', '2018-08-14'),
(84, 'Completar serie con figuras geométricas', 'En la pantalla se muestra una serie de figuras geométricas, el niño deberá encontrar el patrón de la serie para poder completar la serie de manera correcta, esto se realiza arrastrando la imagen correcta en el espacio faltante de la serie.', 'Encuentra el patrón de la siguiente serie, cuando sepas cual es la figura geométrica siguiente arrastrala con el mouse hacia el espacio de la serie.', 'public/uploads/actividades/segundo/espacial/25/index.html', 2, 1, 4, 'A', 'A', '2018-08-14'),
(85, 'Separar las mariquitas', 'En la pantalla en la parte posterior se muestra la jaula A y la jaula B, y en la parte inferior se encuentran mariquitas a color y mariquitas a blanco y negro, el estudiante debe separar las mariquitas de acuerdo a la instrucción dada arrastrándolas hacia la correspondiente jaula de cada una.', 'Arrastra las mariquitas de color a la Jaula A y las mariquitas a blanco y negro a la Jaula B.', 'public/uploads/actividades/segundo/espacial/26/index.html', 2, 1, 5, 'A', 'A', '2018-08-14'),
(86, 'Separar las frutas y las verduras', 'En la pantalla se muestran dos canastas: una de frutas y otra de verduras, y en la parte inferior se encuentran distintas frutas y verduras que deben ser separadas en su correspondiente canasta, el niño debe realizarlo arrastrando la verdura o fruta a su correspondiente canasta.', 'Arrastra las frutas y las verduras a su correspondiente canasta', 'public/uploads/actividades/segundo/espacial/27/index.html', 2, 1, 5, 'A', 'A', '2018-08-14'),
(87, 'Repartos equitativos', 'En la pantalla se presentara unos objetos y unas cestas, el niño deberá repartir los objetos de forma que haya la misma cantidad en cada cesta', 'Arrastra cada pelota para que haya igual cantidad en cada cesta ', 'public/uploads/actividades/segundo/espacial/28/index.html', 2, 1, 5, 'A', 'A', '2018-08-14'),
(88, 'Decidir cuantos conjuntos conforman la imagen.', 'En la pantalla se presenta diversas imágenes y el niño debe identificar la cantidad de conjuntos que se pueden formar con las imágenes', 'Escribir la cantidad de conjuntos', 'public/uploads/actividades/segundo/espacial/29/index.html', 2, 1, 5, 'A', 'A', '2018-08-14'),
(89, 'Ubicación en el plano', 'En la pantalla al lado izquierdo se muestra un plano con diferentes objetos ubicados en diferentes posiciones, al lado derecho se muestra un plano vacío para que el estudiante haga exactamente lo que se muestra en el plano izquierdo, en la parte inferior se muestran las imágenes que debe ubicar en el plano arrastrándolas a su correspondiente posición.', 'Arrastra las imágenes que se encuentran en la parte inferior a su respectiva posición en la cuadrícula derecha', 'public/uploads/actividades/segundo/espacial/30/index.html', 2, 1, 2, 'A', 'A', '2018-08-15'),
(90, 'Ubicación en el plano', 'En la pantalla al lado izquierdo se muestra un plano con diferentes objetos ubicados en diferentes posiciones, al lado derecho se muestra un plano vacío para que el estudiante haga exactamente lo que se muestra en el plano izquierdo, en la parte inferior se muestran las imágenes que debe ubicar en el plano arrastrándolas a su correspondiente posición.', 'Arrastra las imágenes que se encuentran en la parte inferior a su respectiva posición en la cuadrícula derecha', 'public/uploads/actividades/segundo/espacial/31/index.html', 2, 1, 2, 'A', 'A', '2018-08-15'),
(91, 'Ubicación en el plano', 'En la pantalla al lado izquierdo se muestra un plano con diferentes objetos ubicados en diferentes posiciones, al lado derecho se muestra un plano vacío para que el estudiante haga exactamente lo que se muestra en el plano izquierdo, en la parte inferior se muestran las imágenes que debe ubicar en el plano arrastrándolas a su correspondiente posición.', 'Arrastra las imágenes que se encuentran en la parte inferior a su respectiva posición en la cuadrícula derecha', 'public/uploads/actividades/segundo/espacial/32/index.html', 2, 1, 2, 'A', 'A', '2018-08-15'),
(92, 'Secuencias temporales', 'En la pantalla en la parte posterior se muestran 3 espacios, en la parte inferior se muestran unas imágenes que corresponden a una secuencia, el niño debe organizarla arrastrándola a su respectiva posición.', 'Arrastra las imágenes de la parte inferior para ordenar la secuencia', 'public/uploads/actividades/segundo/temporal/1/index.html', 2, 2, 7, 'A', 'A', '2018-08-15'),
(93, 'Secuencias temporales', 'En la pantalla en la parte posterior se muestran 3 espacios, en la parte inferior se muestran unas imágenes que corresponden a una secuencia, el niño debe organizarla arrastrándola a su respectiva posición.', 'Arrastra las imágenes de la parte inferior para ordenar la secuencia', 'public/uploads/actividades/segundo/temporal/2/index.html', 2, 2, 7, 'A', 'A', '2018-08-15'),
(94, 'Secuencias temporales', 'En la pantalla en la parte posterior se muestran 3 espacios, en la parte inferior se muestran unas imágenes que corresponden a una secuencia, el niño debe organizarla arrastrándola a su respectiva posición.', 'Arrastra las imágenes de la parte inferior para ordenar la secuencia', 'public/uploads/actividades/segundo/temporal/3/index.html', 2, 2, 7, 'A', 'A', '2018-08-15'),
(95, 'Secuencias rutinas diarias', 'En la pantalla en la parte posterior se muestran 3 espacios, en la parte inferior se muestran unas imágenes que corresponden a una secuencia, el niño debe organizarla arrastrándola a su respectiva posición.', 'Arrastra las imágenes de la parte inferior para ordenar la secuencia', 'public/uploads/actividades/segundo/temporal/4/index.html', 2, 2, 7, 'A', 'A', '2018-08-15'),
(96, 'Secuencias rutinas diarias', 'En la pantalla en la parte posterior se muestran 3 espacios, en la parte inferior se muestran unas imágenes que corresponden a una secuencia, el niño debe organizarla arrastrándola a su respectiva posición.', 'Arrastra las imágenes de la parte inferior para ordenar la secuencia', 'public/uploads/actividades/segundo/temporal/5/index.html', 2, 2, 7, 'A', 'A', '2018-08-15'),
(97, 'Días de la semana', 'En la pantalla en la parte posterior se muestran 7 espacios cada uno correspondiente a un día de la semana, en la parte inferior se muestran 7 imágenes con los nombres de los 7 días de la semana para que sean ubicados en cada uno de los espacios, el niño debe realizarlo arrastrando las imágenes a su posición correcta de forma ordenada.', 'Arrastra en orden y a cada espacio el día de la semana correspondiente, empezando por lunes y terminando en domingo', 'public/uploads/actividades/segundo/temporal/6/index.html', 2, 2, 8, 'A', 'A', '2018-08-15'),
(98, 'Meses del año ', 'En la pantalla se muestra una pregunta relacionada a una actividad del mes, el niño debe seleccionar a que mes pertenece dicha actividad', 'Selecciona el mes asociado a la actividad', 'public/uploads/actividades/segundo/temporal/7/index.html', 2, 2, 8, 'A', 'A', '2018-08-15'),
(99, 'Número anterior y posterior', 'En la pantalla se muestra una serie de 3 números y el niño debe digitar el primer y ultimo número para continuar con la serie.', 'Digita el número anterior y posterior de la serie', 'public/uploads/actividades/segundo/temporal/8/index.html', 2, 2, 9, 'A', 'A', '2018-08-15'),
(100, 'En el mismo orden', 'En la pantalla se muestran tres números de 2 cifras cada uno, y en la parte inferior un cronometro de 10 segundos, estos números deben ser memorizados por el niño antes de que pasen los 10 segundos, una vez pase este tiempo se mostrarán 3 espacios y una serie de números en la parte inferior, el niño deberá arrastrar a su correspondiente espacio el número correcto, de acuerdo a los mostrados con anterioridad.', 'Memoriza los siguientes números y una vez pase el tiempo, arrastra a su correspondiente espacio los números memorizados.', 'public/uploads/actividades/segundo/temporal/9/index.html', 2, 2, 10, 'A', 'A', '2018-08-15'),
(101, 'En el orden inverso', 'En la pantalla se muestran tres números de 2 cifras cada uno, y en la parte inferior un cronometro de 10 segundos, estos números deben ser memorizados por el niño antes de que pasen los 10 segundos, una vez pase este tiempo se mostrarán 3 espacios y una serie de números en la parte inferior, el niño deberá arrastrar a su correspondiente espacio el número correcto, de acuerdo a los mostrados con anterioridad pero debe arrastrarlos al contrario de como se le mostraron.', 'Memoriza los siguientes números y una vez pase el tiempo, arrastra a su correspondiente espacio los números memorizados', 'public/uploads/actividades/segundo/temporal/10/index.html', 2, 2, 10, 'A', 'A', '2018-08-15'),
(102, 'Que unidades de medida hay en un reloj', 'En la pantalla se presenta distintas opciones de medida de tiempo, el niño debe seleccionar las unidades que hay en un reloj.', 'Selecciona las unidades de reloj', 'public/uploads/actividades/segundo/temporal/11/index.html', 2, 2, 8, 'A', 'A', '2018-08-15'),
(103, 'Que hora es?', 'En la pantalla se presenta una imagen con el horario en reloj analógico y el niño debe identificar que hora marca el reloj en un reloj digital.', 'Selecciona la hora que marca el reloj análogo', 'public/uploads/actividades/segundo/temporal/12/index.html', 2, 2, 8, 'A', 'A', '2018-08-15'),
(104, 'Elegir el signo correcto', 'En la parte izquierda de la pantalla se muestran los signos de suma, resta y multiplicación, y en la parte derecha la operación con su resultado, el niño deberá seleccionar el signo correcto de acuerdo a la operación mostrada, esto lo realizará haciendo \"clic\" encima del botón que contiene el signo.', 'Selecciona el signo de operación correcto, para que se obtenga el resultado mostrado', 'public/uploads/actividades/segundo/simbolico/1/index.html', 2, 3, 12, 'A', 'A', '2018-08-15'),
(105, 'Añadir, quitar, sumar muchas veces objetos de un conjunto', 'Hay una imagen de 2 conjuntos, y deberá añadir o quitar la cantidad de elementos que sea indicado en la pregunta.', 'Añade 4 pelotas al conjunto B, 1 pelota al conjunto A y quita 2 pelotas del conjunto A', 'public/uploads/actividades/segundo/simbolico/2/index.html', 2, 3, 12, 'A', 'A', '2018-08-15'),
(106, 'Sumas verticales', 'Se utiliza gráfico de suma vertical, en el gráfico de multiplicación, estarán los sumandos, el signo + y una línea de igualdad, debajo de ésta habrá un panel donde deberá digitar el resultado de la suma.', 'Escribe el resultado de la operación', 'public/uploads/actividades/segundo/cognitivo/1/index.html', 2, 4, 13, 'A', 'A', '2018-08-15'),
(107, 'Maquina de sumar', 'En la pantalla se muestra una máquina, el niño deberá escribir el resultado de la suma de acuerdo a los números de las manos de la máquina, en el panel debajo de ésta.', 'Observa los números de las manos de la máquina de sumar, y escribe el resultado', 'public/uploads/actividades/segundo/cognitivo/2/index.html', 2, 4, 13, 'A', 'A', '2018-08-15'),
(108, 'Restas horizontales', 'Se utiliza un ejemplo gráfico de suma horizontal, en el gráfico de suma, estarán los sumandos, el signo - y el signo = consiguiente de ésta habrá un panel donde deberá digitar el resultado de la resta.', 'Escribe el resultado de la operación', 'public/uploads/actividades/segundo/cognitivo/3/index.html', 2, 4, 13, 'A', 'A', '2018-08-15'),
(109, 'Restas y restos', 'Se requiere que el estudiante retire de la canasta de frutas en numero de elementos que se le solicita. ', 'Saca 4 elementos de la canasta', 'public/uploads/actividades/segundo/cognitivo/4/index.html', 2, 4, 13, 'A', 'A', '2018-08-15'),
(110, 'Multiplicación verticales', 'Se utiliza gráfico de multiplicación vertical, en el gráfico de multiplicación, estarán los factores, el signo X y una línea de igualdad, debajo de ésta habrá un panel donde deberá digitar el resultado de la suma.', 'Escribe el resultado de la operación', 'public/uploads/actividades/segundo/cognitivo/5/index.html', 2, 4, 13, 'A', 'A', '2018-08-15');
INSERT INTO `actividad` (`actividad_id`, `nombre`, `descripcion`, `instruccion`, `ruta_archivo`, `grado_id`, `nivel_id`, `categoria_id`, `tipo_revision`, `estado`, `fecha_creacion`) VALUES
(111, 'Elegir la suma', 'En la parte superior de la pantalla, se muestran imágenes correspondientes al problema matemático, y en la parte inferior se debe seleccionar el signo que se uso en el problema haciendo \"clic\" en el signo, así como la respuesta de la operación escribiendo en el campo de texto.', 'María horneó 35 galletas y Simón horneó 23, ¿Cuántas galletas hornearon en total? y ¿Qué operación se realizó?', 'public/uploads/actividades/segundo/cognitivo/6/index.html', 2, 4, 13, 'A', 'A', '2018-08-15'),
(112, 'Elegir la resta', 'En la parte superior de la pantalla, se muestran imágenes correspondientes al problema matemático, y en la parte inferior se debe seleccionar el signo que se uso en el problema haciendo \"clic\" en el signo, así como la respuesta de la operación escribiendo en el campo de texto.', 'Simón tiene 15 bombones y le regala 7 a María ¿Cuántos bombones le quedan a Simón? y ¿Qué operación se realizó? ', 'public/uploads/actividades/segundo/cognitivo/7/index.html', 2, 4, 13, 'A', 'A', '2018-08-15'),
(113, 'Elegir la multiplicación', 'En la parte superior de la pantalla, se muestran imágenes correspondientes al problema matemático, y en la parte inferior se debe seleccionar el signo que se uso en el problema haciendo \"clic\" en el signo, así como la respuesta de la operación escribiendo en el campo de texto.', 'Hay 5 cajas llenas de juguetes y cada una tiene 3 juguetes, ¿Cuántos juguetes hay en total? y ¿Qué operación se realizó?', 'public/uploads/actividades/segundo/cognitivo/8/index.html', 2, 4, 13, 'A', 'A', '2018-08-15'),
(114, 'Escribir en letra el número', 'En la parte superior de la pantalla se muestra un número, y debajo de este se encuentran 3 posibles opciones para seleccionar la forma correcta en la que se escribe el número mostrado, el niño debe hacer \"clic\" en la opción. ', 'Selecciona la forma correcta en la que se escribe el número mostrado a continuación', 'public/uploads/actividades/segundo/cognitivo/9/index.html', 2, 4, 15, 'A', 'A', '2018-08-15'),
(115, 'Escribir en letra el número', 'En la parte superior de la pantalla se muestra un número, y debajo de este se encuentran 3 posibles opciones para seleccionar la forma correcta en la que se escribe el número mostrado, el niño debe hacer \"clic\" en la opción. ', 'Selecciona la forma correcta en la que se escribe el número mostrado a continuación', 'public/uploads/actividades/segundo/cognitivo/10/index.html', 2, 4, 13, 'A', 'A', '2018-08-15'),
(116, 'Escribir en letra el número', 'En la parte superior de la pantalla se muestra un número, y debajo de este se encuentran 3 posibles opciones para seleccionar la forma correcta en la que se escribe el número mostrado, el niño debe hacer \"clic\" en la opción. ', 'Selecciona la forma correcta en la que se escribe el número mostrado a continuación', 'public/uploads/actividades/segundo/cognitivo/11/index.html', 2, 4, 15, 'A', 'A', '2018-08-16'),
(117, 'Escribir en letra el número', 'En la parte superior de la pantalla se muestra un número, y debajo de este se encuentran 3 posibles opciones para seleccionar la forma correcta en la que se escribe el número mostrado, el niño debe hacer \"clic\" en la opción. ', 'Selecciona la forma correcta en la que se escribe el número mostrado a continuación.', 'public/uploads/actividades/segundo/cognitivo/12/index.html', 2, 4, 15, 'A', 'A', '2018-08-16'),
(118, 'Escribir en cifras en número', 'En la parte superior de la pantalla se muestra la escritura de un número, y en la parte inferior se muestran los números, el niño debe seleccionar la respuesta correcta haciendo \"clic\" en el número.', 'Selecciona la cifra que corresponda a la escritura del siguiente número', 'public/uploads/actividades/segundo/cognitivo/13/index.html', 2, 4, 15, 'A', 'A', '2018-08-16'),
(119, 'Escribir en cifras en número', 'En la parte superior de la pantalla se muestra la escritura de un número, y en la parte inferior se muestran los números, el niño debe seleccionar la respuesta correcta haciendo \"clic\" en el número.', 'Selecciona la cifra que corresponda a la escritura del siguiente número.', 'public/uploads/actividades/segundo/cognitivo/14/index.html', 2, 4, 15, 'A', 'A', '2018-08-16'),
(120, 'Escribir en cifras en número', 'En la parte superior de la pantalla se muestra la escritura de un número, y en la parte inferior se muestran los números, el niño debe seleccionar la respuesta correcta haciendo \"clic\" en el número.', 'Selecciona la cifra que corresponda a la escritura del siguiente número', 'public/uploads/actividades/segundo/cognitivo/15/index.html', 2, 4, 15, 'A', 'A', '2018-08-16'),
(121, 'Valor posicional', 'En pantalla se muestra un número del 1 al 999, el estudiante debe descomponer el número en centenas, decenas y unidades.', 'Escribir el resultado de descomposición en centenas, decenas y unidades', 'public/uploads/actividades/segundo/cognitivo/16/index.html', 2, 4, 13, 'A', 'I', '2018-08-16'),
(122, 'Capacidad de los objetos', 'En la pantalla se muestran 3 imágenes y 3 cajones, el niño debe ubicar las imágenes en los cajones, de modo que estás queden ordenadas de menor capacidad a mayor capacidad', 'Ubica los objetos de menor capacidad a mayor capacidad', 'public/uploads/actividades/segundo/cognitivo/17/index.html', 2, 4, 17, 'A', 'A', '2018-08-16'),
(123, 'Altura del objeto', 'En la pantalla se muestran 3 imágenes y 3 cajones, el niño debe ubicar las imágenes en los cajones, de modo que estás queden ordenadas de menor altura a mayor altura', 'Ubica las imágenes de menor altura a mayor altura', 'public/uploads/actividades/segundo/cognitivo/18/index.html', 2, 4, 17, 'A', 'A', '2018-08-16'),
(124, 'Peso del objeto', 'En la pantalla se muestran 3 imagenes y 3 cajones, el niño debe ubicar las imagenes en los cajones, de modo que estás queden ordenadas de objeto más pesado a menos pesado', 'Ubica los objetos de mayor peso a menor peso', 'public/uploads/actividades/segundo/cognitivo/19/index.html', 2, 4, 17, 'A', 'A', '2018-08-16'),
(125, 'Peso del objeto', 'En la pantalla se muestran 3 imágenes y 3 cajones, el niño debe ubicar las imágenes en los cajones, de modo que estás queden ordenadas de objeto más pesado a menos pesado', 'Ubicar las imágenes de menor peso a mayor peso', 'public/uploads/actividades/segundo/cognitivo/20/index.html', 2, 4, 17, 'A', 'I', '2018-08-16'),
(126, 'Dictado de números', 'Se dictará un número al estudiante por medio de un audio.', 'Escribe el número dictado a continuación', 'public/uploads/actividades/tercero/espacial/2/index.html', 3, 1, 2, 'M', 'A', '2018-08-16'),
(127, 'Elegir la figura geométrica plana correcta', 'En la pantalla se presentan 4 figuras geométricas planas, el niño debe leer la pregunta y seleccionar dando \"clic\" encima de la figura que se especifica', 'Selecciona el pentágono de las siguientes figuras', 'public/uploads/actividades/tercero/espacial/3/index.html', 3, 1, 3, 'A', 'A', '2018-08-16'),
(128, 'Elegir la figura geométrica sólida correcta', 'En la pantalla se presentan 4 figuras geométricas solidas, el niño debe leer la pregunta y seleccionar dando \"clic\" encima de la figura que se especifica', 'Selecciona el cubo de las siguientes figuras', 'public/uploads/actividades/tercero/espacial/4/index.html', 3, 1, 3, 'A', 'I', '2018-08-16'),
(129, '¿Cuántos lados tiene la figura?', 'En la pantalla se presenta una figura geométrica plana o solida, y un campo de texto vacío, el niño debe leer o escuchar la pregunta, con base en la figura y sobre el campo de texto, debe digitar el número de lados o caras que tiene.', 'Escribe el número de lados o caras que tiene la figura', 'public/uploads/actividades/tercero/espacial/5/index.html', 3, 1, 3, 'A', 'A', '2018-08-16'),
(130, 'Imágenes con figuras geométricas', 'En el panel central, se presenta una imagen compuesta de figuras geométricas planas o solidas, a la derecha del panel hay una lista de figuras geométricas y el niño deberá digitar la cantidad de figuras que se necesitaron para la construcción de la imagen.', 'Escribe la cantidad de figuras que conforman la imagen', 'public/uploads/actividades/tercero/espacial/6/index.html', 3, 1, 3, 'A', 'I', '2018-08-16'),
(131, 'Imágenes con figuras geométricas', 'En el panel central, se presenta una imagen compuesta de figuras geométricas planas o solidas, a la derecha del panel hay una lista de figuras geométricas y el niño deberá digitar la cantidad de figuras que se necesitaron para la construcción de la imagen.', 'Escribe la cantidad de figuras que conforman la imagen', 'public/uploads/actividades/tercero/espacial/7/index.html', 3, 1, 3, 'A', 'I', '2018-08-16'),
(132, 'Elegir el objeto de la izquierda', 'Se le dan dos imágenes para que el niño señale cuál es la imagen que señala hacia el lado izquierdo.', 'Elige el niño que patea hacia la izquierda', 'public/uploads/actividades/tercero/espacial/8/index.html', 3, 1, 2, 'A', 'A', '2018-08-16'),
(133, 'Elegir el objeto de la derecha', 'Se le dan tres imágenes para que el niño señale cuál es la imagen que señala hacia la derecha', 'Elegir la niña que mira hacia la derecha', 'public/uploads/actividades/tercero/espacial/9/index.html', 3, 1, 2, 'A', 'A', '2018-08-16'),
(134, 'Elegir el objeto de la mitad', 'Se le dan dos imágenes para que el niño señale cuál es la que imagen que tiene el carro rojo en el centro', 'Elige la imagen que muestra el auto rojo en la mitad', 'public/uploads/actividades/tercero/espacial/10/index.html', 3, 1, 2, 'A', 'A', '2018-08-16'),
(135, 'Elegir el objeto que está lejos, encima y detrás del objetivo', 'En el panel se presenta una imagen con un entorno, y distintos objetos de acuerdo a un contexto y un objetivo gráfico, el niño debe seleccionar con clic, el objeto que según el enunciado se encuentre lejos del objetivo, otro que se encuentre encima y finalmente el que esté detrás del objetivo.', 'Selecciona el objeto que está lejos de la casa, el objeto que está encima de la casa y el objeto que se encuentra detrás de la casa', 'public/uploads/actividades/tercero/espacial/11/index.html', 3, 1, 2, 'A', 'A', '2018-08-16'),
(136, 'Elegir el objeto que está más cerca, arriba y delante del objetivo', 'En el panel se presenta una imagen con un entorno, y distintos objetos de acuerdo a un contexto y un objetivo gráfico, el niño debe seleccionar con clic, el objeto que según el enunciado se encuentre más cerca del objetivo, otro que se encuentre arriba y finalmente el que esté detrás del objetivo.', 'Selecciona el objeto que está más cerca a Simón, el objeto que está delante de Simón y el objeto que está arriba de Simón', 'public/uploads/actividades/tercero/espacial/12/index.html', 3, 1, 2, 'A', 'A', '2018-08-16'),
(137, 'Elegir los objetos que están dentro, agrupados o al interior del objetivo', 'Selecciona los animales que se encuentran al interior del granero, los animales que se encuentran agrupados y el granjero que se encuentra dentro del tractor', 'Selecciona los animales que se encuentran al interior del granero, los que se encuentran agrupados y el granjero que se encuentra dentro del tractor', 'public/uploads/actividades/tercero/espacial/13/index.html', 3, 1, 3, 'A', 'A', '2018-08-16'),
(138, 'Elegir los objetos que están fuera, abajo o debajo del objetivo', 'En el panel se presenta una imagen con un entorno, y distintos objetos de acuerdo a un contexto y un objetivo gráfico, el niño debe seleccionar con clic, el objeto que según el enunciado se encuentre fuera del objetivo, otro que se encuentre abajo y finalmente el que esté debajo del objetivo.', 'Selecciona el peluche que se encuentra abajo del librero, el libro que se encuentra debajo de la mesa y el niño que se encuentra afuera de la librería', 'public/uploads/actividades/tercero/espacial/14/index.html', 3, 1, 2, 'A', 'A', '2018-08-16'),
(139, 'Elegir los objetos que están dispersos y al exterior del objetivo', 'En el panel se presenta una imagen con un entorno, y distintos objetos de acuerdo a un contexto y un objetivo gráfico, el niño debe seleccionar con clic, los objetos objeto que según el enunciado se encuentran dispersos y finalmente el exterior del objetivo.', 'Selecciona los peluches que se encuentran dispersos y la bicicleta que se encuentra al exterior de la juguetería.', 'public/uploads/actividades/tercero/espacial/15/index.html', 3, 1, 2, 'A', 'A', '2018-08-16'),
(140, 'Serie simple con uso de números ascendentemente', 'en la pantalla aparece una serie de números y un espacio en blanco debe escoger el número correspondiente a la serie de unas opciones que se encuentran en la parte de abajo', 'Completar la serie con el número correspondiente (Ascendente)', 'public/uploads/actividades/tercero/espacial/16/index.html', 3, 1, 1, 'A', 'A', '2018-08-16'),
(141, 'Serie simple con uso números descendentes', 'en la pantalla aparece una serie de números y en algunos espacios en blanco debe ingresar los que faltan para completar la serie.', 'Completar la serie con el número correspondiente.(Descendentemente)', 'public/uploads/actividades/tercero/espacial/17/index.html', 3, 1, 1, 'A', 'A', '2018-08-16'),
(142, 'Serie simple con uso números descendentes', 'en la pantalla aparece una serie de números y en algunos espacios en blanco debe ingresar los que faltan para completar la serie.', 'Completar la serie con el número correspondiente.(Descendentemente)', 'public/uploads/actividades/tercero/espacial/18/index.html', 3, 1, 1, 'A', 'A', '2018-08-16'),
(143, 'Serie simple con uso números descendentemente', 'en la pantalla aparece una serie de números y en algunos espacios en blanco debe ingresar los que faltan para completar la serie.', 'Completar la serie con el número correspondiente.(Descendentemente)', 'public/uploads/actividades/tercero/espacial/19/index.html', 3, 1, 1, 'A', 'A', '2018-08-16'),
(144, 'Repartos equitativos', 'En la pantalla se muestran 9 objetos y dos conjuntos, el niño deberá repartir los objetos del mismo color, de forma que haya la misma cantidad en cada conjunto.', 'Arrastra los objetos de color amarillo al conjunto A y los objetos de color rojo al conjunto B', 'public/uploads/actividades/tercero/espacial/20/index.html', 3, 1, 5, 'A', 'A', '2018-08-16'),
(145, 'Limpiar la habitación', 'En la parte superior de la pantalla hay dos cajas marcadas, una de juguetes y un tarro de basura, en la parte inferior habrán juguetes y basuras que el niño debe arrastrar hacia su caja correspondiente.', 'Ordena la habitación: coloca los juguetes en la canasta y la basura en el basurero', 'public/uploads/actividades/tercero/espacial/21/index.html', 3, 1, 5, 'A', 'A', '2018-08-16'),
(146, 'Conjunto universal', 'En la pantalla habrá un panel con 3 tipos de conjuntos, el estudiante debe escribir cuántos elementos hay en el conjunto universal.', 'Escribe cuántos elementos hay en el conjunto universal', 'public/uploads/actividades/tercero/espacial/22/index.html', 3, 1, 5, 'A', 'A', '2018-08-16'),
(147, 'Conjuntos', 'Se muestra una imagen con determinados objetos del mismo tipo agrupados, y determinar cuántos conjuntos hay', 'Escribe cuántos conjuntos hay a continuación.', 'public/uploads/actividades/tercero/espacial/23/index.html', 3, 1, 5, 'A', 'A', '2018-08-16'),
(148, 'Ubicación en el plano', 'En la pantalla aparecen dos planos, en el plano izquierdo habrá un circulo naranja ubicado en una posición específica, el niño debe arrastrar de la parte inferior hasta el plano derecho la imagen y ubicarla en la misma posicion que indica el circulo naranja del plano izquierdo.', 'Coloca la imagen en la posición que indica el círculo naranja', 'public/uploads/actividades/tercero/espacial/24/index.html', 3, 1, 2, 'A', 'A', '2018-08-16'),
(149, 'Ubicación en el plano', 'En la pantalla aparecen dos planos, el plano izquierdo tienes una serie de imágenes ubicadas específicamente, el niño debe arrastrar de la parte inferior hasta el plano derecho las imágenes y ubicarlas en la misma posición que indica el plano izquierdo.', 'Coloca las imágenes en su posición según el modelo', 'public/uploads/actividades/tercero/espacial/25/index.html', 3, 1, 2, 'A', 'A', '2018-08-16'),
(150, 'Ubicación en el plano', 'En la pantalla se muestran dos planos similares, el plano derecho tiene un circulo naranja ubicado específicamente, el niño debe seleccionar en la parte inferior, la imagen que va en la posición del circulo naranja.', '¿Qué imagen va en la posición del círculo naranja?', 'public/uploads/actividades/tercero/espacial/26/index.html', 3, 1, 2, 'A', 'A', '2018-08-16'),
(151, 'Secuencias Temporales', 'En la pantalla se muestra una imagen que representa una serie, el niño debe seleccionar en la parte inferior dos patrones que se comportan igual a la serie.', 'Identifica si hay patrones que se comportan igual que la serie', 'public/uploads/actividades/tercero/temporal/1/index.html', 3, 2, 7, 'A', 'A', '2018-08-16'),
(152, 'Secuencias Temporales', 'En la pantalla se muestra una imagen que representa una serie, el niño debe arrastrar de la parte inferior los elementos necesarios para crear la serie igual a la del modelo.', 'Crea la serie según el modelo', 'public/uploads/actividades/tercero/temporal/2/index.html', 3, 2, 7, 'A', 'A', '2018-08-16'),
(153, 'Secuencias Temporales', 'En la pantalla se muestra una imagen que representa una serie, en la parte inferior hay elementos pertenecientes a la serie, el niño debe completar la serie llenando los espacios vacíos con los elementos correspondientes.', 'Completa la serie según el modelo', 'public/uploads/actividades/tercero/temporal/3/index.html', 3, 2, 7, 'A', 'A', '2018-08-16'),
(154, 'Secuencias rutinas diarias', 'En la parte superior de la pantalla aparecen cuatro recuadros y en la parte inferior cuatro imágenes en orden aleatorio. Estas imágenes representan el estado de una secuencia rutinaria del día a día en diferentes momentos en el tiempo. El estudiante debe ordenar de forma cronológica la situación que se presenta. Para ello debe arrastrar cada imagen al recuadro que considere indicado, ordenando de izquierda a derecha.', 'Ordena la secuencia de la niña que despierta en la mañana', 'public/uploads/actividades/tercero/temporal/4/index.html', 3, 2, 7, 'A', 'A', '2018-08-16'),
(155, 'Secuencias rutinas diarias', 'En la parte superior de la pantalla aparecen cuatro recuadros y en la parte inferior cuatro imágenes en orden aleatorio. Estas imágenes representan el estado de una secuencia rutinaria del día a día en diferentes momentos en el tiempo. El estudiante debe ordenar de forma cronológica la situación que se presenta. Para ello debe arrastrar cada imagen al recuadro que considere indicado, ordenando de izquierda a derecha.', 'Ordena la secuencia de la niña que despierta en la mañana', 'public/uploads/actividades/tercero/temporal/5/index.html', 3, 2, 8, 'A', 'I', '2018-08-16'),
(156, 'Secuencias rutinas diarias', 'En la pantalla se muestra una imagen que representa una secuencia de rutinas diarias, en la parte inferior hay elementos pertenecientes a la secuencia, el niño debe completar la secuencia llenando los espacios vacíos con los elementos correspondientes.', 'Completa la secuencia de la niña según el modelo', 'public/uploads/actividades/tercero/temporal/6/index.html', 3, 2, 7, 'A', 'A', '2018-08-16'),
(157, 'Días de la semana', 'En la pantalla en la parte posterior se muestran 7 espacios cada uno correspondiente a un día de la semana, en la parte inferior se muestran 7 imágenes con los nombres de los 7 días de la semana para que sean ubicados en cada uno de los espacios, el niño debe realizarlo arrastrando las imágenes a su posición correcta de forma ordenada.', 'Arrastra en orden y a cada espacio el día de la semana correspondiente, empezando por Lunes y terminando en Domingo.', 'public/uploads/actividades/tercero/temporal/7/index.html', 3, 2, 8, 'A', 'A', '2018-08-16'),
(158, 'Meses del año ', 'En la pantalla se muestra una pregunta relacionada a una actividad del mes, el niño debe seleccionar a que mes pertenece dicha actividad', 'Selecciona el mes asociado a la actividad', 'public/uploads/actividades/tercero/temporal/8/index.html', 3, 2, 8, 'A', 'A', '2018-08-16'),
(159, 'ELIMINAR', 'En la pantalla se muestra una serie de 3 números y el niño debe digitar el primer y ultimo número para continuar con la serie.', 'ELIMINAR', 'public/uploads/actividades/tercero/temporal/9/index.html', 3, 2, 9, 'A', 'I', '2018-08-16'),
(160, 'Número anterior y posterior', 'En la pantalla se muestra una serie de 3 números y el niño debe digitar el primer y ultimo número para continuar con la serie.', 'Digita el número anterior y posterior de la serie', 'public/uploads/actividades/tercero/temporal/10/index.html', 3, 2, 9, 'A', 'A', '2018-08-16'),
(161, 'Memorización', 'Al niño se le presenta dos paneles, uno superior donde aparecerán 2 o 3 cartas que contienen un número y que serán visibles por un determinado tiempo (3 segundos aproximadamente), y luego se ocultaran. En el panel inferior habrá una lista horizontal de botones con los números del 0 al 9, el niño debe dar clic y seleccionar los dos dígitos correspondientes a las que memorizó anteriormente.', 'Memoriza los números de las cartas y selecciónalos en el orden que los viste', 'public/uploads/actividades/tercero/temporal/11/index.html', 3, 2, 10, 'A', 'A', '2018-08-16'),
(162, 'En el orden inverso', 'En la pantalla se muestran tres números de 2 cifras cada uno, y en la parte inferior un cronometro de 10 segundos, estos números deben ser memorizados por el niño antes de que pasen los 10 segundos, una vez pase este tiempo se mostrarán 3 espacios y una serie de números en la parte inferior, el niño deberá arrastrar a su correspondiente espacio el número correcto, de acuerdo a los mostrados con anterioridad pero debe arrastrarlos al contrario de como se le mostraron.', 'Memoriza los siguientes números y una vez pase el tiempo, arrastra a su correspondiente espacio los números memorizados', 'public/uploads/actividades/tercero/temporal/12/index.html', 3, 2, 10, 'A', 'A', '2018-08-16'),
(163, 'Selecciona la hora correcta', 'En la parte superior de la pantalla aparecen tres recuadros con una hora específica y en la parte inferior tres relojes marcando la hora que indica cada recuadro superior. El niño debe arrastrar cada reloj a su hora correspondinte.', 'Ubica cada reloj en la hora indicada', 'public/uploads/actividades/tercero/temporal/13/index.html', 3, 2, 8, 'A', 'I', '2018-08-16'),
(164, '¿Qué hora es?', 'En la parte superior de la pantalla aparecen tres relojes marcando horas diferentes y en la parte inferior tres cuadros de texto. El niño debe escribir en cada cuadro de texto la hora que indica cada reloj.', 'Escribe la hora que indica cada reloj', 'public/uploads/actividades/tercero/temporal/14/index.html', 3, 2, 8, 'A', 'I', '2018-08-16'),
(165, 'Símbolos matemáticos', 'Elegir el signo correcto: Se propone mostrar al estudiante la operación matemática, pero él debe elegir cuál es el signo que corresponde observando el resultado.', 'Elige el signo de la operación', 'public/uploads/actividades/tercero/simbolico/1/index.html', 3, 3, 12, 'A', 'A', '2018-08-16'),
(166, 'Añadir, quitar, sumar muchas veces objetos de un conjunto', 'Hay una imagen de 2 conjuntos, y deberá añadir o quitar la cantidad de elementos que sea indicado en la pregunta.', 'Quita 2 pelota del conjunto A, añade 3 al conjunto B y añade 1 pelota más al conjunta A', 'public/uploads/actividades/tercero/simbolico/2/index.html', 3, 3, 12, 'A', 'A', '2018-08-16'),
(167, 'Sumas verticales', 'Se utiliza gráfico de suma vertical, en el gráfico de multiplicación, estarán los sumandos, el signo + y una línea de igualdad, debajo de ésta habrá un panel donde deberá digitar el resultado de la suma.', 'Escribe el resultado de la operación', 'public/uploads/actividades/tercero/cognitivo/1/index.html', 3, 4, 13, 'A', 'I', '2018-08-16'),
(168, 'Sumas verticales', 'Se utiliza gráfico de suma vertical, en el gráfico de multiplicación, estarán los sumandos, el signo + y una línea de igualdad, debajo de ésta habrá un panel donde deberá digitar el resultado de la suma.', 'Escribe el resultado de la operación', 'public/uploads/actividades/tercero/cognitivo/2/index.html', 3, 4, 13, 'A', 'A', '2018-08-17'),
(169, 'Restas horizontales', 'Se utiliza un ejemplo gráfico de suma horizontal, en el gráfico de suma, estarán los sumandos, el signo - y el signo = consiguiente de ésta habrá un panel donde deberá digitar el resultado de la resta.', 'Escribe el resultado de la operación', 'public/uploads/actividades/tercero/cognitivo/3/index.html', 3, 4, 13, 'A', 'A', '2018-08-17'),
(170, 'Multiplicación verticales', 'Se utiliza gráfico de multiplicación vertical, en el gráfico de multiplicación, estarán los factores, el signo X y una línea de igualdad, debajo de ésta habrá un panel donde deberá digitar el resultado de la suma.', 'Escribe el resultado de la operación', 'public/uploads/actividades/tercero/cognitivo/4/index.html', 3, 4, 13, 'A', 'A', '2018-08-17'),
(171, 'Divisiones de una sola cifra Horizontales', 'Se generan una serie de divisiones que el estudiante debe resolver y escribir la respuesta ', 'Escribe el resultado de la operación', 'public/uploads/actividades/tercero/cognitivo/5/index.html', 3, 4, 13, 'A', 'A', '2018-08-17'),
(172, 'Escribir en letra el número', 'En la parte superior de la pantalla se muestra un número, y debajo de este se encuentran 3 posibles opciones para seleccionar la forma correcta en la que se escribe el número mostrado, el niño debe hacer \"clic\" en la opción. ', 'Selecciona la forma correcta en la que se escribe el número mostrado a continuación.', 'public/uploads/actividades/tercero/cognitivo/6/index.html', 3, 4, 15, 'A', 'A', '2018-08-17'),
(173, 'Escribir en letra el número', 'En la parte superior de la pantalla se muestra un número, y debajo de este se encuentran 3 posibles opciones para seleccionar la forma correcta en la que se escribe el número mostrado, el niño debe hacer \"clic\" en la opción. ', 'Selecciona la forma correcta en la que se escribe el número mostrado a continuación.', 'public/uploads/actividades/tercero/cognitivo/7/index.html', 3, 4, 15, 'A', 'A', '2018-08-17'),
(174, 'Escribir en letra el número', 'En la parte superior de la pantalla se muestra un número, y debajo de este se encuentran 3 posibles opciones para seleccionar la forma correcta en la que se escribe el número mostrado, el niño debe hacer \"clic\" en la opción. ', 'Selecciona la forma correcta en la que se escribe el número mostrado a continuación.', 'public/uploads/actividades/tercero/cognitivo/8/index.html', 3, 4, 15, 'A', 'A', '2018-08-17'),
(175, 'Escribir en letra el número', 'En la parte superior de la pantalla se muestra un número, y debajo de este se encuentran 3 posibles opciones para seleccionar la forma correcta en la que se escribe el número mostrado, el niño debe hacer \"clic\" en la opción. ', 'Selecciona la forma correcta en la que se escribe el número mostrado a continuación.', 'public/uploads/actividades/tercero/cognitivo/9/index.html', 3, 4, 15, 'A', 'A', '2018-08-17'),
(176, 'Escribir en cifras el número', 'En la parte superior de la pantalla se muestra la escritura de un número, y en la parte inferior se muestran los números, el niño debe seleccionar la respuesta correcta haciendo \"clic\" en el número.', 'Selecciona la cifra que corresponda a la escritura del siguiente número.', 'public/uploads/actividades/tercero/cognitivo/10/index.html', 3, 4, 15, 'A', 'A', '2018-08-17'),
(177, 'Escribir en cifras el número', 'En la parte superior de la pantalla se muestra la escritura de un número, y en la parte inferior se muestran los números, el niño debe seleccionar la respuesta correcta haciendo \"clic\" en el número.', 'Selecciona la cifra que corresponda a la escritura del siguiente número.', 'public/uploads/actividades/tercero/cognitivo/11/index.html', 3, 4, 15, 'A', 'A', '2018-08-17'),
(178, 'Escribir en cifras el número', 'En la parte superior de la pantalla se muestra la escritura de un número, y en la parte inferior se muestran los números, el niño debe seleccionar la respuesta correcta haciendo \"clic\" en el número.', 'Selecciona la cifra que corresponda a la escritura del siguiente número.', 'public/uploads/actividades/tercero/cognitivo/12/index.html', 3, 4, 15, 'A', 'A', '2018-08-17'),
(179, 'Altura del objeto', 'En la pantalla se muestran cuatro imágenes de modo aleatorio, el niño debe escribir cuantos centímetros mide el objeto que aparece en pantalla.', 'Escribe cuantos centímetros mide el objeto', 'public/uploads/actividades/tercero/cognitivo/13/index.html', 3, 4, 17, 'A', 'A', '2018-08-17'),
(180, 'Peso del objeto ', 'En la pantalla se muestran 5 imágenes y 5 cajones, el niño debe ubicar las imágenes en los cajones, de modo que estas queden ordenadas desde el objeto más pesado al menos pesado.', 'Ubicar las imágenes de mayor a menor peso', 'public/uploads/actividades/tercero/cognitivo/14/index.html', 3, 4, 17, 'A', 'A', '2018-08-17'),
(181, 'Elegir la suma', 'En la parte superior de la pantalla, se muestran imágenes correspondientes al problema matemático, y en la parte inferior se debe seleccionar el signo que se uso en el problema haciendo \"clic\" en el signo, así como la respuesta de la operación escribiendo en el campo de texto.', 'María horneó 35 galletas y Simón horneó 23', 'public/uploads/actividades/segundo/cognitivo/21/index.html', 2, 4, 13, 'A', 'I', '2018-08-17'),
(182, 'Elegir la resta', 'En la parte superior de la pantalla, se muestran imágenes correspondientes al problema matemático, y en la parte inferior se debe seleccionar el signo que se uso en el problema haciendo \"clic\" en el signo, así como la respuesta de la operación escribiendo en el campo de texto.', 'Simón tiene 15 bombones y le regala 7 a María', 'public/uploads/actividades/segundo/cognitivo/22/index.html', 2, 4, 13, 'A', 'I', '2018-08-17'),
(183, 'Ubicación en el plano', 'En la pantalla al lado izquierdo se muestra un plano con diferentes objetos ubicados en diferentes posiciones, al lado derecho se muestra un plano vacío para que el estudiante haga exactamente lo que se muestra en el plano izquierdo, en la parte inferior se muestran las imágenes que debe ubicar en el plano arrastrándolas a su correspondiente posición.', 'Arrastra las imágenes que se encuentran en la parte inferior a su respectiva posición en la cuadrícula derecha', 'public/uploads/actividades/segundo/espacial/33/index.html', 2, 1, 2, 'A', 'A', '2018-08-22'),
(184, 'Separar las frutas y las verduras', 'En la pantalla se muestran dos canastas: una de frutas y otra de verduras, y en la parte inferior se encuentran distintas frutas y verduras que deben ser separadas en su correspondiente canasta, el niño debe realizarlo arrastrando la verdura o fruta a su correspondiente canasta.', 'Arrastra las frutas y las verduras a su correspondiente canasta', 'public/uploads/actividades/segundo/espacial/34/index.html', 2, 1, 5, 'A', 'I', '2018-08-22'),
(185, 'Separar las mariquitas', 'En la pantalla en la parte posterior se muestra la jaula A y la jaula B, y en la parte inferior se encuentran mariquitas a color y mariquitas a blanco y negro, el estudiante debe separar las mariquitas de acuerdo a la instrucción dada arrastrándolas hacia la correspondiente jaula de cada una.', 'Arrastra las mariquitas de color a la Jaula A y las mariquitas a blanco y negro a la Jaula B.', 'public/uploads/actividades/segundo/espacial/35/index.html', 2, 1, 5, 'A', 'I', '2018-08-22'),
(186, 'Valor del billete', 'De acuerdo a la imagen de un billete que se muestra, el estudiante debe seleccionar cuál es el valor de este de acuerdo a una lista que se muestra.', '¿Cuánto vale el billete?', 'public/uploads/actividades/primero/cognitivo/11/index.html', 1, 4, 16, 'A', 'A', '2018-08-22'),
(187, 'Valor del billete', 'De acuerdo a la imagen de un billete que se muestra, el estudiante debe seleccionar cuál es el valor de este de acuerdo a una lista que se muestra.', '¿Cuánto vale el billete?', 'public/uploads/actividades/primero/cognitivo/12/index.html', 1, 4, 16, 'A', 'A', '2018-08-22'),
(188, 'Valor del billete', 'De acuerdo a la imagen de un billete que se muestra, el estudiante debe seleccionar cuál es el valor de este de acuerdo a una lista que se muestra.', '¿Cuánto vale el billete?', 'public/uploads/actividades/primero/cognitivo/13/index.html', 1, 4, 16, 'A', 'A', '2018-08-22'),
(189, 'Elegir los objetos que están dispersos y al exterior', 'En la pantalla se muestra un fondo de un acuario, con diferentes objetos y/o animales dentro y afuera del acuario, el niño debe seleccionar los 3 objetos y/o animales especificados en la instrucción haciendo \"clic\" sobre ellos si cumplen la característica explicada', 'Selecciona los diamantes que se encuentran dispersos y el objeto que se encuentra al exterior del acuario', 'public/uploads/actividades/segundo/espacial/36/index.html', 2, 1, 2, 'A', 'I', '2018-08-22'),
(190, 'Elegir la flor morada de la mitad', 'En la pantalla se muestran 3 imágenes de flores moradas, el niño debe seleccionar la flor de acuerdo a la instrucción haciendo \"clic\" sobre la imagen.', 'Selecciona la flor morada que se encuentra en la mitad', 'public/uploads/actividades/segundo/espacial/37/index.html', 2, 1, 2, 'A', 'I', '2018-08-22'),
(191, 'Elegir la flor morada de la mitad', 'En la pantalla se muestran 3 imágenes de flores moradas, el niño debe seleccionar la flor de acuerdo a la instrucción haciendo \"clic\" sobre la imagen.', 'Selecciona la flor morada que se encuentra en la mitad', 'public/uploads/actividades/segundo/espacial/38/index.html', 2, 1, 2, 'A', 'I', '2018-08-22'),
(192, 'Elegir el objeto que está más cerca, arriba y delante', 'En la pantalla se muestra un fondo de una habitación, con diferentes objetos que se pueden seleccionar, el niño debe seleccionar los 3 objetos que cumplen con la instrucción haciendo \"clic\" encima de estos tres.', 'Selecciona el objeto que está más cerca del suelo, el objeto que está arriba de la cama y el objeto que está delante del sillón', 'public/uploads/actividades/segundo/espacial/39/index.html', 2, 1, 2, 'A', 'I', '2018-08-22'),
(193, 'Ubicación en el plano', 'En la pantalla al lado izquierdo se muestra un plano con diferentes objetos ubicados en diferentes posiciones, al lado derecho se muestra un plano vacío para que el estudiante haga exactamente lo que se muestra en el plano izquierdo, en la parte inferior se muestran las imágenes que debe ubicar en el plano arrastrándolas a su correspondiente posición.', 'Arrastra las imágenes que se encuentran en la parte inferior a su respectiva posición en la cuadrícula derecha', 'public/uploads/actividades/segundo/espacial/40/index.html', 2, 1, 2, 'A', 'I', '2018-08-22'),
(194, 'Ubicación en el plano', 'En la pantalla al lado izquierdo se muestra un plano con diferentes objetos ubicados en diferentes posiciones, al lado derecho se muestra un plano vacío para que el estudiante haga exactamente lo que se muestra en el plano izquierdo, en la parte inferior se muestran las imágenes que debe ubicar en el plano arrastrándolas a su correspondiente posición.', 'Arrastra las imágenes que se encuentran en la parte inferior a su respectiva posición en la cuadrícula derecha', 'public/uploads/actividades/segundo/espacial/41/index.html', 2, 1, 2, 'A', 'I', '2018-08-22'),
(195, 'Secuencias temporales', 'En la pantalla en la parte posterior se muestran 3 espacios, en la parte inferior se muestran unas imágenes que corresponden a una secuencia, el niño debe organizarla arrastrándola a su respectiva posición.', 'Arrastra las imágenes de la parte inferior para ordenar la secuencia', 'public/uploads/actividades/segundo/temporal/13/index.html', 2, 2, 7, 'A', 'I', '2018-08-22'),
(196, 'En el mismo orden', 'En la pantalla se muestran tres números de 2 cifras cada uno, y en la parte inferior un cronometro de 10 segundos, estos números deben ser memorizados por el niño antes de que pasen los 10 segundos, una vez pase este tiempo se mostrarán 3 espacios y una serie de números en la parte inferior, el niño deberá arrastrar a su correspondiente espacio el número correcto, de acuerdo a los mostrados con anterioridad.', 'Memoriza los siguientes números y una vez pase el tiempo, arrastra a su correspondiente espacio los números memorizados.', 'public/uploads/actividades/segundo/temporal/14/index.html', 2, 2, 10, 'A', 'I', '2018-08-22'),
(197, 'En el mismo orden', 'En la pantalla se muestran tres números de 2 cifras cada uno, y en la parte inferior un cronometro de 10 segundos, estos números deben ser memorizados por el niño antes de que pasen los 10 segundos, una vez pase este tiempo se mostrarán 3 espacios y una serie de números en la parte inferior, el niño deberá arrastrar a su correspondiente espacio el número correcto, de acuerdo a los mostrados con anterioridad.', 'Memoriza los siguientes números y una vez pase el tiempo, arrastra a su correspondiente espacio los números memorizados.', 'public/uploads/actividades/segundo/temporal/15/index.html', 2, 2, 10, 'A', 'I', '2018-08-22'),
(198, 'En el mismo orden', 'En la pantalla se muestran tres números de 2 cifras cada uno, y en la parte inferior un cronometro de 10 segundos, estos números deben ser memorizados por el niño antes de que pasen los 10 segundos, una vez pase este tiempo se mostrarán 3 espacios y una serie de números en la parte inferior, el niño deberá arrastrar a su correspondiente espacio el número correcto, de acuerdo a los mostrados con anterioridad.', 'Memoriza los siguientes números y una vez pase el tiempo, arrastra a su correspondiente espacio los números memorizados.', 'public/uploads/actividades/segundo/temporal/16/index.html', 2, 2, 10, 'A', 'I', '2018-08-22'),
(199, 'En el orden inverso', 'En la pantalla se muestran tres números de 2 cifras cada uno, y en la parte inferior un cronometro de 10 segundos, estos números deben ser memorizados por el niño antes de que pasen los 10 segundos, una vez pase este tiempo se mostrarán 3 espacios y una serie de números en la parte inferior, el niño deberá arrastrar a su correspondiente espacio el número correcto, de acuerdo a los mostrados con anterioridad pero debe arrastrarlos al contrario de como se le mostraron.', 'Memoriza los siguientes números y una vez pase el tiempo, arrastra a su correspondiente espacio los números memorizados', 'public/uploads/actividades/segundo/temporal/17/index.html', 2, 2, 10, 'A', 'I', '2018-08-22'),
(200, 'Elegir la suma', 'En la parte superior de la pantalla, se muestran imágenes correspondientes al problema matemático, y en la parte inferior se debe seleccionar el signo que se uso en el problema haciendo \"clic\" en el signo, así como la respuesta de la operación escribiendo en el campo de texto.', 'María horneó 35 galletas y Simón horneó 23', 'public/uploads/actividades/segundo/cognitivo/23/index.html', 2, 4, 13, 'A', 'I', '2018-08-23'),
(201, 'Elegir la resta', 'En la parte superior de la pantalla, se muestran imágenes correspondientes al problema matemático, y en la parte inferior se debe seleccionar el signo que se uso en el problema haciendo \"clic\" en el signo, así como la respuesta de la operación escribiendo en el campo de texto.', 'Simón tiene 15 bombones y le regala 7 a María', 'public/uploads/actividades/segundo/cognitivo/24/index.html', 2, 4, 13, 'A', 'I', '2018-08-23'),
(202, 'Elegir la resta', 'En la parte superior de la pantalla, se muestran imágenes correspondientes al problema matemático, y en la parte inferior se debe seleccionar el signo que se uso en el problema haciendo \"clic\" en el signo, así como la respuesta de la operación escribiendo en el campo de texto.', 'Simón tiene 15 bombones y le regala 7 a María', 'public/uploads/actividades/segundo/cognitivo/25/index.html', 2, 4, 13, 'A', 'I', '2018-08-23'),
(203, 'Elegir la multiplicación', 'En la parte superior de la pantalla, se muestran imágenes correspondientes al problema matemático, y en la parte inferior se debe seleccionar el signo que se uso en el problema haciendo \"clic\" en el signo, así como la respuesta de la operación escribiendo en el campo de texto.', 'Hay 5 cajas llenas de juguetes y cada una tiene 3 juguetes, ¿Cuántos juguetes hay en total? y ¿Qué operación se realizó? ', 'public/uploads/actividades/segundo/cognitivo/26/index.html', 2, 4, 13, 'A', 'I', '2018-08-23'),
(204, 'Escribir en letra el número', 'En la parte superior de la pantalla se muestra un número, y debajo de este se encuentran 3 posibles opciones para seleccionar la forma correcta en la que se escribe el número mostrado, el niño debe hacer \"clic\" en la opción. ', 'Selecciona la forma correcta en la que se escribe el número mostrado a continuación', 'public/uploads/actividades/segundo/cognitivo/27/index.html', 2, 4, 15, 'A', 'I', '2018-08-23'),
(205, 'Escribir en letra el número', 'En la parte superior de la pantalla se muestra un número, y debajo de este se encuentran 3 posibles opciones para seleccionar la forma correcta en la que se escribe el número mostrado, el niño debe hacer \"clic\" en la opción. ', 'Selecciona la forma correcta en la que se escribe el número mostrado a continuación', 'public/uploads/actividades/segundo/cognitivo/28/index.html', 2, 4, 13, 'A', 'I', '2018-08-23'),
(206, 'Escribir en letra el número', 'En la parte superior de la pantalla se muestra un número, y debajo de este se encuentran 3 posibles opciones para seleccionar la forma correcta en la que se escribe el número mostrado, el niño debe hacer \"clic\" en la opción. ', 'Selecciona la forma correcta en la que se escribe el número mostrado a continuación', 'public/uploads/actividades/segundo/cognitivo/29/index.html', 2, 4, 15, 'A', 'I', '2018-08-23'),
(207, 'Escribir en letra el número', 'En la parte superior de la pantalla se muestra un número, y debajo de este se encuentran 3 posibles opciones para seleccionar la forma correcta en la que se escribe el número mostrado, el niño debe hacer \"clic\" en la opción. ', 'Selecciona la forma correcta en la que se escribe el número mostrado a continuación.', 'public/uploads/actividades/segundo/cognitivo/30/index.html', 2, 4, 15, 'A', 'I', '2018-08-23'),
(208, 'Elegir la figura geométrica plana correcta', 'En la parte central de la pantalla, hay una lista de figuras geométricas y el niño debe seleccionar la figura que le solicita el enunciado', 'Selecciona la figura que tiene cuatro lados iguales.', 'public/uploads/actividades/tercero/espacial/27/index.html', 3, 1, 3, 'A', 'A', '2018-08-23'),
(209, '¿Cuántos lados tiene la figura?', 'En la pantalla se presenta una figura geométrica plana o solida, y un campo de texto vacío, el niño debe leer o escuchar la pregunta, con base en la figura y sobre el campo de texto, debe digitar el número de lados o caras que tiene.', 'Escribe el número de lados o caras que tiene la figura', 'public/uploads/actividades/tercero/espacial/28/index.html', 3, 1, 3, 'A', 'I', '2018-08-23'),
(210, ' Elegir el objeto de la izquierda  ', 'Se le dan dos imágenes para que el niño señale cuál es la imagen que señala hacia el lado izquierdo.', 'Elige el niño que patea hacia la izquierda', 'public/uploads/actividades/tercero/espacial/29/index.html', 3, 1, 2, 'A', 'I', '2018-08-23'),
(211, 'Serie simple con uso de números ascendentemente', 'en la pantalla aparece una serie de números y un espacio en blanco debe escoger el número correspondiente a la serie de unas opciones que se encuentran en la parte de abajo', 'Completar la serie con el número correspondiente (Ascendente)', 'public/uploads/actividades/tercero/espacial/30/index.html', 3, 1, 1, 'A', 'I', '2018-08-23'),
(212, 'Serie simple con uso números descendentes', 'en la pantalla aparece una serie de números y en algunos espacios en blanco debe ingresar los que faltan para completar la serie.', 'Completar la serie con el número correspondiente.(Descendentemente)', 'public/uploads/actividades/tercero/espacial/31/index.html', 3, 1, 1, 'A', 'I', '2018-08-23'),
(213, 'Serie simple con uso números descendentes', 'en la pantalla aparece una serie de números y en algunos espacios en blanco debe ingresar los que faltan para completar la serie.', 'Completar la serie con el número correspondiente.(Descendentemente)', 'public/uploads/actividades/tercero/espacial/32/index.html', 3, 1, 1, 'A', 'I', '2018-08-23'),
(214, 'Repartos equitativos', 'En la pantalla se muestran 9 objetos y dos conjuntos, el niño deberá repartir los objetos del mismo color, de forma que haya la misma cantidad en cada conjunto.', 'Arrastra los objetos de color amarillo al conjuntoA y los objetos de color rojo al conjunto B', 'public/uploads/actividades/tercero/espacial/33/index.html', 3, 1, 5, 'A', 'I', '2018-08-23'),
(215, 'Limpiar la habitación', 'En la parte superior de la pantalla hay dos cajas marcadas, una de juguetes y un tarro de basura, en la parte inferior habrán juguetes y basuras que el niño debe arrastrar hacia su caja correspondiente.', 'Ordena la habitación: coloca los juguetes en la canasta y la basura en el basurero', 'public/uploads/actividades/tercero/espacial/34/index.html', 3, 1, 5, 'A', 'I', '2018-08-23'),
(216, 'Conjunto universal', 'En la pantalla habrá un panel con 3 tipos de conjuntos, el estudiante debe escribir cuántos elementos hay en el conjunto universal.', 'Escribe cuántos elementos hay en el conjunto universal', 'public/uploads/actividades/tercero/espacial/35/index.html', 3, 1, 5, 'A', 'I', '2018-08-23'),
(217, 'Elegir el menor número de la serie', 'En la pantalla se muestran 3 números del 0 al 999 y el niño debe escoger el número menor entre 3 opciones', 'Selecciona el número menor', 'public/uploads/actividades/segundo/espacial/42/index.html', 2, 1, 1, 'A', 'I', '2018-08-28'),
(218, 'Completar la serie con frutas', 'En la pantalla se presenta una imagen que representa una serie, en la parte inferior hay elementos pertenecientes a la serie, el niño debe leer o escuchar la pregunta, con clic, debe seleccionar la figura que continúa en la serie representada.', 'Selecciona los elementos que siguen en la serie', 'public/uploads/actividades/segundo/espacial/43/index.html', 2, 1, 4, 'A', 'I', '2018-08-28'),
(219, 'Restas y restos', 'Se requiere que el estudiante retire de la canasta de frutas en numero de elementos que se le solicita. ', 'Saca 4 elementos de la canasta', 'public/uploads/actividades/segundo/cognitivo/31/index.html', 2, 4, 13, 'A', 'I', '2018-08-28'),
(220, 'Capacidad de los objetos', 'En la pantalla se muestran 3 imágenes y 3 cajones, el niño debe ubicar las imágenes en los cajones, de modo que estás queden ordenadas de menor capacidad a mayor capacidad', 'Ubicar las imágenes de menor capacidad a mayor capacidad', 'public/uploads/actividades/segundo/cognitivo/32/index.html', 2, 4, 17, 'A', 'I', '2018-08-28'),
(221, 'Capacidad de los objetos', 'En la pantalla se muestran 3 imágenes y 3 cajones, el niño debe ubicar las imágenes en los cajones, de modo que estás queden ordenadas de menor capacidad a mayor capacidad', 'Ubicar las imágenes de menor capacidad a mayor capacidad', 'public/uploads/actividades/segundo/cognitivo/33/index.html', 2, 4, 17, 'A', 'I', '2018-08-28'),
(222, 'Conjuntos', 'Se muestra una imagen con determinados objetos del mismo tipo agrupados, y determinar cuántos conjuntos hay', 'Escribe cuántos conjuntos hay a continuación.', 'public/uploads/actividades/tercero/espacial/36/index.html', 3, 1, 5, 'A', 'I', '2018-08-28'),
(223, 'Ubicación en el plano', 'En la pantalla aparecen dos planos, en el plano izquierdo habrá un circulo naranja ubicado en una posición específica, el niño debe arrastrar de la parte inferior hasta el plano derecho la imagen y ubicarla en la misma posición que indica el circulo naranja del plano izquierdo.', 'Coloca la imagen en la posición que indica el círculo naranja', 'public/uploads/actividades/tercero/espacial/37/index.html', 3, 1, 2, 'A', 'I', '2018-08-28'),
(224, 'Ubicación en el plano', 'En la pantalla aparecen dos planos, el plano izquierdo tienes una serie de imágenes ubicadas específicamente, el niño debe arrastrar de la parte inferior hasta el plano derecho las imágenes y ubicarlas en la misma posición que indica el plano izquierdo.', 'Coloca las imágenes en su posición según el modelo', 'public/uploads/actividades/tercero/espacial/38/index.html', 3, 1, 2, 'A', 'I', '2018-08-28'),
(225, 'Ubicación en el plano', 'En la pantalla se muestran dos planos similares, el plano derecho tiene un circulo naranja ubicado específicamente, el niño debe seleccionar en la parte inferior, la imagen que va en la posición del circulo naranja.', '¿Qué imagen va en la posición del círculo naranja?', 'public/uploads/actividades/tercero/espacial/39/index.html', 3, 1, 2, 'A', 'I', '2018-08-28'),
(226, 'Ubicación en el plano', 'En la pantalla aparecen dos planos, el plano izquierdo tienes una serie de imágenes ubicadas específicamente, el niño debe arrastrar de la parte inferior hasta el plano derecho las imágenes y ubicarlas en la misma posición que indica el plano izquierdo.', 'Coloca las imágenes en su posición según el modelo', 'public/uploads/actividades/tercero/espacial/40/index.html', 3, 1, 2, 'A', 'I', '2018-08-28'),
(227, 'Ubicación en el plano', 'En la pantalla se muestran dos planos similares, el plano derecho tiene un circulo naranja ubicado específicamente, el niño debe seleccionar en la parte inferior, la imagen que va en la posición del circulo naranja.', '¿Qué imagen va en la posición del círculo naranja?', 'public/uploads/actividades/tercero/espacial/41/index.html', 3, 1, 2, 'A', 'I', '2018-08-28'),
(228, 'Secuencias Temporales', 'En la pantalla se muestra una imagen que representa una serie, el niño debe seleccionar en la parte inferior dos patrones que se comportan igual a la serie.', 'Identifica si hay patrones que se comportan igual que la serie', 'public/uploads/actividades/tercero/temporal/15/index.html', 3, 2, 7, 'A', 'I', '2018-08-28');
INSERT INTO `actividad` (`actividad_id`, `nombre`, `descripcion`, `instruccion`, `ruta_archivo`, `grado_id`, `nivel_id`, `categoria_id`, `tipo_revision`, `estado`, `fecha_creacion`) VALUES
(229, 'Secuencias Temporales', 'En la pantalla se muestra una imagen que representa una serie, el niño debe arrastrar de la parte inferior los elementos necesarios para crear la serie igual a la del modelo.', 'Crea la serie según el modelo', 'public/uploads/actividades/tercero/temporal/16/index.html', 3, 2, 7, 'A', 'I', '2018-08-28'),
(230, 'Secuencias Temporales', 'En la pantalla se muestra una imagen que representa una serie, en la parte inferior hay elementos pertenecientes a la serie, el niño debe completar la serie llenando los espacios vacíos con los elementos correspondientes.', 'Completa la serie según el modelo', 'public/uploads/actividades/tercero/temporal/17/index.html', 3, 2, 7, 'A', 'I', '2018-08-28'),
(231, 'Secuencias Temporales', 'En la pantalla se muestra una imagen que representa una serie, el niño debe arrastrar de la parte inferior los elementos necesarios para crear la serie igual a la del modelo.', 'Crea la serie según el modelo', 'public/uploads/actividades/tercero/temporal/18/index.html', 3, 2, 7, 'A', 'I', '2018-08-28'),
(232, 'Secuencias Temporales', 'En la pantalla se muestra una imagen que representa una serie, el niño debe arrastrar de la parte inferior los elementos necesarios para crear la serie igual a la del modelo.', 'Crea la serie según el modelo', 'public/uploads/actividades/tercero/temporal/19/index.html', 3, 2, 7, 'A', 'I', '2018-08-28'),
(233, 'Secuencias rutinas diarias', 'En la parte superior de la pantalla aparecen cuatro recuadros y en la parte inferior cuatro imágenes en orden aleatorio. Estas imágenes representan el estado de una secuencia rutinaria del día a día en diferentes momentos en el tiempo. El estudiante debe ordenar de forma cronológica la situación que se presenta. Para ello debe arrastrar cada imagen al recuadro que considere indicado, ordenando de izquierda a derecha.', 'Ordena la secuencia de la niña que despierta en la mañana', 'public/uploads/actividades/tercero/temporal/20/index.html', 3, 2, 7, 'A', 'I', '2018-08-28'),
(234, 'Secuencias rutinas diarias', 'En la pantalla se muestra una imagen que representa una secuencia de rutinas diarias, en la parte inferior hay elementos pertenecientes a la secuencia, el niño debe completar la secuencia llenando los espacios vacios con los elementos correspondientes.', 'Completa la secuencia de la niña según el modelo', 'public/uploads/actividades/tercero/temporal/21/index.html', 3, 2, 7, 'A', 'I', '2018-08-28'),
(235, 'Secuencias rutinas diarias', 'En la pantalla se muestra una imagen que representa una secuencia de rutinas diarias, en la parte inferior hay elementos pertenecientes a la secuencia, el niño debe completar la secuencia llenando los espacios vacíos con los elementos correspondientes.', 'Completa la secuencia de la niña según el modelo', 'public/uploads/actividades/tercero/temporal/22/index.html', 3, 2, 7, 'A', 'I', '2018-08-28'),
(236, 'Días de la semana', 'En la pantalla en la parte posterior se muestran 7 espacios cada uno correspondiente a un día de la semana, en la parte inferior se muestran 7 imágenes con los nombres de los 7 días de la semana para que sean ubicados en cada uno de los espacios, el niño debe realizarlo arrastrando las imágenes a su posición correcta de forma ordenada.', 'Arrastra en orden y a cada espacio el día de la semana correspondiente, empezando por Lunes y terminando en Domingo.', 'public/uploads/actividades/tercero/temporal/23/index.html', 3, 2, 8, 'A', 'I', '2018-08-28'),
(237, 'Meses del año ', 'En la pantalla se muestra una pregunta relacionada a una actividad del mes, el niño debe seleccionar a que mes pertenece dicha actividad', 'Selecciona el mes asociado a la actividad', 'public/uploads/actividades/tercero/temporal/24/index.html', 3, 2, 8, 'A', 'I', '2018-08-28'),
(238, 'Número anterior y posterior', 'En la pantalla se muestra una serie de 3 números y el niño debe digitar el primer y ultimo número para continuar con la serie.', 'Digita el número anterior y posterior de la serie', 'public/uploads/actividades/tercero/temporal/25/index.html', 3, 2, 9, 'A', 'I', '2018-08-28'),
(239, 'Memorización', 'Al niño se le presenta dos paneles, uno superior donde aparecerán 2 o 3 cartas que contienen un número y que serán visibles por un determinado tiempo (3 segundos aproximadamente), y luego se ocultaran. En el panel inferior habrá una lista horizontal de botones con los números del 0 al 9, el niño debe dar clic y seleccionar los dos dígitos correspondientes a las que memorizó anteriormente.', 'Memoriza los números de las cartas y selecciónalos en el orden que los viste', 'public/uploads/actividades/tercero/temporal/26/index.html', 3, 2, 10, 'A', 'I', '2018-08-28'),
(240, 'Memorización inverso', 'Al niño se le presenta dos paneles, uno superior donde aparecerán 2 o 3 cartas que contienen un número y que serán visibles por un determinado tiempo (3 segundos aproximadamente), y luego se ocultaran. En el panel inferior habrá una lista horizontal de botones con los números del 0 al 9, el niño debe dar clic y seleccionar los dos dígitos correspondientes a las que memorizó anteriormente.', 'Memoriza los números de las cartas y selecciónalos en el orden inverso que los viste', 'public/uploads/actividades/tercero/temporal/27/index.html', 3, 2, 9, 'A', 'I', '2018-08-28'),
(241, 'Añadir, quitar, sumar muchas veces objetos de un conjunto', 'Hay una imagen de 2 conjuntos, y deberá añadir o quitar la cantidad de elementos que sea indicado en la pregunta.', 'Añade 4 pelotas al conjunto B, 1 pelota al conjunto A y quita 2 pelotas del conjunto A', 'public/uploads/actividades/tercero/simbolico/3/index.html', 3, 3, 12, 'A', 'A', '2018-08-28'),
(242, 'Elegir el signo correcto', 'En la parte izquierda de la pantalla se muestran los signos de suma, resta y multiplicación, y en la parte derecha la operación con su resultado, el niño deberá seleccionar el signo correcto de acuerdo a la operación mostrada, esto lo realizará haciendo \"clic\" encima del botón que contiene el signo.', 'Selecciona el signo de operación correcto, para que se obtenga el resultado mostrado.', 'public/uploads/actividades/tercero/simbolico/4/index.html', 3, 3, 12, 'A', 'A', '2018-08-28'),
(243, 'restas verticales', 'Se generan una serie de restas que el estudiante debe resolver y escribir la respuesta ', 'Escribe el resultado de la operación', 'public/uploads/actividades/tercero/cognitivo/15/index.html', 3, 4, 13, 'A', 'I', '2018-08-28'),
(244, 'Número en palabras', 'El estudiante deberá señalar como se escribe el número que se muestra en la pantalla.', 'Selecciona la forma correcta que se escribe el número mostrado a continuación', 'public/uploads/actividades/tercero/cognitivo/16/index.html', 3, 4, 15, 'A', 'I', '2018-08-30'),
(245, 'Número en palabras', 'El estudiante deberá señalar como se escribe el número que se muestra en la pantalla.', 'Selecciona la forma correcta que se escribe el número mostrado a continuación', 'public/uploads/actividades/tercero/cognitivo/17/index.html', 3, 4, 15, 'A', 'I', '2018-08-30'),
(246, 'Número en palabras', 'El estudiante deberá señalar como se escribe el número que se muestra en la pantalla.', 'Selecciona la forma correcta que se escribe el número mostrado a continuación', 'public/uploads/actividades/tercero/cognitivo/18/index.html', 3, 4, 15, 'A', 'I', '2018-08-30'),
(247, 'Número en palabras', 'El estudiante deberá señalar como se escribe el número que se muestra en la pantalla.', 'Selecciona la forma correcta que se escribe el número mostrado a continuación', 'public/uploads/actividades/tercero/cognitivo/19/index.html', 3, 4, 15, 'A', 'I', '2018-08-30'),
(248, 'Escribir en cifra ', 'Se mostrará en la pantalla un numero en letras y el deberá escoger el número en cifras al que corresponde.', 'Selecciona la cifra que corresponde al siguiente número.', 'public/uploads/actividades/tercero/cognitivo/20/index.html', 3, 4, 15, 'A', 'A', '2018-08-30'),
(249, 'Escribir en cifra ', 'Se mostrará en la pantalla un numero en letras y el deberá escoger el número en cifras al que corresponde.', 'Selecciona la cifra que corresponde al siguiente número.', 'public/uploads/actividades/tercero/cognitivo/21/index.html', 3, 4, 15, 'A', 'A', '2018-08-30'),
(250, 'Escribir en cifra ', 'Se mostrará en la pantalla un numero en letras y el deberá escoger el número en cifras al que corresponde.', 'Selecciona la cifra que corresponde al siguiente número.', 'public/uploads/actividades/tercero/cognitivo/22/index.html', 3, 4, 15, 'A', 'A', '2018-08-30'),
(251, 'Escribir en cifra ', 'Se mostrará en la pantalla un numero en letras y el deberá escoger el número en cifras al que corresponde.', 'Selecciona la cifra que corresponde al siguiente número.', 'public/uploads/actividades/tercero/cognitivo/23/index.html', 3, 4, 15, 'A', 'A', '2018-08-30'),
(252, 'Altura del objeto', 'En la pantalla se muestran cuatro imágenes de modo aleatorio, el niño debe escribir cuantos centímetros mide el objeto que aparece en pantalla.', 'Escribe cuantos centímetros mide el objeto', 'public/uploads/actividades/tercero/cognitivo/24/index.html', 3, 4, 17, 'A', 'I', '2018-08-30'),
(253, 'Peso del objeto ', 'En la pantalla se muestran 5 imágenes y 5 cajones, el niño debe ubicar las imágenes en los cajones, de modo que estas queden ordenadas desde el objeto más pesado al menos pesado.', 'Ubicar las imágenes de mayor a menor peso', 'public/uploads/actividades/tercero/cognitivo/25/index.html', 3, 4, 17, 'A', 'I', '2018-08-30'),
(254, 'Que hora es?', 'En la pantalla se presenta una imagen con el horario en reloj analógico y el niño debe identificar que hora marca el reloj en un reloj digital.', 'Selecciona la hora que marca el reloj análogo', 'public/uploads/actividades/tercero/temporal/28/index.html', 3, 2, 8, 'A', 'I', '2018-08-30'),
(255, 'Secuencias temporales', 'En la pantalla en la parte posterior se muestran 3 espacios, en la parte inferior se muestran unas imágenes que corresponden a una secuencia, el niño debe organizarla arrastrándola a su respectiva posición.', 'Arrastra las imágenes de la parte inferior para ordenar la secuencia', 'public/uploads/actividades/segundo/temporal/18/index.html', 2, 2, 7, 'A', 'I', '2018-08-30'),
(256, 'Dictado de números', 'La prueba consta de dos elementos, en la parte izquierda tiene un número en texto junto con un icono altavoz y en la derecha un panel manuscrito, el niño deberá escuchar atentamente el número dictado y escribir en el panel manuscrito el número correspondiente.', 'Escribe el número dictado a continuación', 'public/uploads/actividades/segundo/espacial/44/index.html', 2, 1, 1, 'M', 'I', '2018-08-31'),
(257, 'Elegir el signo correcto', 'En la parte izquierda de la pantalla se muestran los signos de suma, resta y multiplicación, y en la parte derecha la operación con su resultado, el niño deberá seleccionar el signo correcto de acuerdo a la operación mostrada, esto lo realizará haciendo \"clic\" encima del botón que contiene el signo.', 'Selecciona el signo de operación correcto, para que se obtenga el resultado mostrado.', 'public/uploads/actividades/segundo/simbolico/3/index.html', 2, 3, 12, 'A', 'A', '2018-09-18'),
(258, 'Elegir el signo correcto', 'En la parte izquierda de la pantalla se muestran los signos de suma, resta y multiplicación, y en la parte derecha la operación con su resultado, el niño deberá seleccionar el signo correcto de acuerdo a la operación mostrada, esto lo realizará haciendo \"clic\" encima del botón que contiene el signo.', 'Selecciona el signo de operación correcto, para que se obtenga el resultado mostrado.', 'public/uploads/actividades/segundo/simbolico/4/index.html', 2, 3, 12, 'A', 'A', '2018-09-18'),
(259, 'Añadir, quitar, sumar muchas veces objetos de un conjunto', 'Hay una imagen de 2 conjuntos, y deberá añadir o quitar la cantidad de elementos que sea indicado en la pregunta.', 'Quita 2 pelota del conjunto A, añade 3 al conjunto B y añade 1 pelota más al conjunta A', 'public/uploads/actividades/segundo/simbolico/5/index.html', 2, 3, 12, 'A', 'A', '2018-09-18'),
(260, 'Elegir el menor', 'En la pantalla aparecen una lista de números debe seleccionar el número menor', 'Observa la serie de números y selecciona el menor', 'public/uploads/actividades/tercero/espacial/42/index.html', 3, 1, 2, 'A', 'A', '2018-09-19'),
(261, 'Pregunta sobre el reloj', 'Se le realizará una pregunta al estudiante sobre el reloj y el estudiante deberá clickear todas las opciones que sean parte de la respuesta.', '¿Qué unidades de medida hay en un reloj?', 'public/uploads/actividades/tercero/temporal/29/index.html', 3, 2, 8, 'A', 'A', '2018-09-19'),
(262, '¿Qué hora es?', 'Se le mostrará al estudiante en la misma interfaz 3 horas diferentes combinando reloj analógico y digital y el estudiante debe elegir la opción correspondiente a la hora.', 'Señala el reloj que marca las doce y media', 'public/uploads/actividades/tercero/temporal/30/index.html', 3, 2, 11, 'A', 'A', '2018-09-19'),
(263, '¿Qué hora es?', 'Se le mostrará al estudiante en la misma interfaz 3 horas diferentes combinando reloj analógico y digital y el estudiante debe elegir la opción correspondiente a la hora.', 'Señala el reloj que marca las nueve y cincuenta y cuatro', 'public/uploads/actividades/tercero/temporal/31/index.html', 3, 2, 11, 'A', 'A', '2018-09-19'),
(264, '¿Qué hora es?', 'Se le mostrará al estudiante en la misma interfaz 3 horas diferentes combinando reloj analógico y digital y el estudiante debe elegir la opción correspondiente a la hora.', 'Señala el reloj que marca las siete y veinte', 'public/uploads/actividades/tercero/temporal/32/index.html', 3, 2, 11, 'A', 'A', '2018-09-19'),
(265, 'Símbolos matemáticos', 'Elegir el signo correcto: Se propone mostrar al estudiante la operación matemática, pero él debe elegir cuál es el signo que corresponde observando el resultado.', 'Elige el signo de la operación', 'public/uploads/actividades/tercero/simbolico/5/index.html', 3, 3, 12, 'A', 'A', '2018-09-19'),
(266, 'Valor posicional', 'En pantalla se muestra un número del 1 al 999, el estudiante debe descomponer el número en centenas, decenas y unidades.', 'Escribir el resultado de descomposición en unidades, decenas y centenas', 'public/uploads/actividades/segundo/cognitivo/34/index.html', 2, 4, 13, 'A', 'A', '2018-11-06');

-- --------------------------------------------------------

--
-- Estructura de tabla para la tabla `actividad_habilidad`
--

CREATE TABLE `actividad_habilidad` (
  `actividad_id` int(11) NOT NULL,
  `habilidad_id` int(11) NOT NULL
) ENGINE=InnoDB DEFAULT CHARSET=utf8 COLLATE=utf8_unicode_ci;

--
-- Volcado de datos para la tabla `actividad_habilidad`
--

INSERT INTO `actividad_habilidad` (`actividad_id`, `habilidad_id`) VALUES
(1, 1),
(1, 3),
(1, 9),
(2, 1),
(2, 3),
(2, 9),
(3, 1),
(3, 3),
(3, 9),
(4, 1),
(4, 3),
(4, 9),
(5, 1),
(5, 3),
(5, 9),
(6, 2),
(6, 3),
(6, 9),
(7, 2),
(7, 3),
(7, 6),
(7, 9),
(8, 2),
(8, 3),
(8, 6),
(8, 9),
(9, 2),
(9, 3),
(9, 9),
(10, 2),
(10, 3),
(10, 9),
(11, 2),
(11, 3),
(11, 9),
(12, 2),
(12, 3),
(12, 6),
(13, 2),
(13, 3),
(13, 9),
(14, 2),
(14, 3),
(14, 9),
(15, 2),
(15, 3),
(15, 9),
(16, 2),
(16, 3),
(16, 9),
(17, 1),
(17, 2),
(17, 4),
(17, 6),
(18, 2),
(18, 4),
(18, 9),
(19, 2),
(19, 4),
(19, 9),
(20, 2),
(20, 4),
(20, 9),
(21, 2),
(21, 4),
(21, 9),
(22, 2),
(22, 4),
(22, 9),
(23, 2),
(23, 4),
(23, 9),
(24, 2),
(24, 3),
(24, 4),
(24, 6),
(24, 9),
(25, 2),
(25, 3),
(25, 4),
(25, 6),
(25, 9),
(26, 2),
(26, 3),
(26, 4),
(26, 6),
(26, 9),
(27, 2),
(27, 3),
(27, 4),
(27, 6),
(27, 9),
(28, 2),
(28, 3),
(28, 4),
(28, 6),
(28, 9),
(29, 2),
(29, 3),
(29, 4),
(29, 6),
(29, 9),
(30, 2),
(30, 3),
(30, 4),
(30, 6),
(30, 9),
(31, 2),
(31, 3),
(31, 4),
(31, 6),
(31, 9),
(32, 4),
(32, 5),
(32, 9),
(33, 4),
(33, 5),
(33, 9),
(34, 4),
(34, 5),
(34, 9),
(35, 4),
(35, 5),
(35, 9),
(36, 4),
(36, 5),
(36, 9),
(37, 1),
(37, 4),
(37, 9),
(38, 1),
(38, 4),
(38, 9),
(39, 1),
(39, 4),
(39, 9),
(40, 1),
(40, 4),
(40, 9),
(41, 1),
(41, 2),
(41, 7),
(42, 1),
(42, 2),
(42, 7),
(43, 1),
(43, 2),
(43, 7),
(44, 1),
(44, 2),
(44, 7),
(45, 1),
(45, 2),
(45, 7),
(46, 1),
(46, 2),
(46, 7),
(47, 1),
(47, 2),
(47, 7),
(48, 1),
(48, 2),
(48, 6),
(48, 7),
(49, 1),
(49, 2),
(49, 6),
(49, 7),
(50, 1),
(50, 2),
(50, 6),
(50, 7),
(51, 1),
(51, 2),
(51, 6),
(51, 7),
(52, 1),
(52, 2),
(52, 6),
(52, 7),
(53, 1),
(53, 2),
(53, 6),
(53, 7),
(54, 1),
(54, 2),
(54, 6),
(54, 7),
(55, 1),
(55, 2),
(55, 6),
(55, 7),
(56, 2),
(56, 3),
(56, 9),
(57, 2),
(57, 3),
(57, 9),
(58, 2),
(58, 3),
(58, 9),
(59, 1),
(59, 3),
(59, 9),
(60, 2),
(60, 3),
(60, 6),
(60, 9),
(61, 1),
(61, 3),
(61, 9),
(62, 2),
(62, 3),
(62, 6),
(62, 9),
(63, 2),
(63, 3),
(63, 6),
(63, 9),
(64, 2),
(64, 3),
(64, 6),
(64, 9),
(65, 2),
(65, 3),
(65, 9),
(66, 2),
(66, 3),
(66, 6),
(66, 9),
(67, 2),
(67, 3),
(67, 9),
(68, 2),
(68, 3),
(68, 9),
(69, 9),
(70, 2),
(70, 3),
(70, 9),
(71, 2),
(71, 3),
(71, 9),
(72, 2),
(72, 3),
(72, 9),
(73, 2),
(73, 3),
(73, 9),
(74, 2),
(74, 3),
(74, 9),
(75, 2),
(75, 3),
(75, 9),
(76, 2),
(76, 3),
(76, 9),
(77, 2),
(77, 3),
(77, 9),
(78, 2),
(78, 3),
(78, 9),
(79, 2),
(79, 3),
(79, 9),
(80, 1),
(80, 2),
(80, 4),
(80, 6),
(81, 1),
(81, 2),
(81, 4),
(81, 6),
(82, 1),
(82, 2),
(82, 4),
(82, 6),
(83, 2),
(83, 4),
(83, 9),
(84, 1),
(84, 2),
(84, 9),
(85, 2),
(85, 4),
(85, 9),
(86, 2),
(86, 4),
(86, 9),
(87, 2),
(87, 4),
(87, 9),
(88, 2),
(88, 4),
(88, 9),
(89, 2),
(89, 3),
(89, 4),
(89, 6),
(89, 9),
(90, 2),
(90, 3),
(90, 4),
(90, 9),
(91, 2),
(91, 3),
(91, 4),
(91, 9),
(92, 4),
(92, 5),
(92, 9),
(93, 4),
(93, 5),
(93, 9),
(94, 4),
(94, 5),
(94, 9),
(95, 4),
(95, 5),
(95, 9),
(96, 4),
(96, 5),
(96, 9),
(97, 5),
(97, 7),
(98, 5),
(98, 7),
(99, 1),
(99, 4),
(99, 9),
(100, 1),
(100, 4),
(100, 9),
(101, 1),
(101, 4),
(101, 9),
(102, 1),
(102, 4),
(102, 9),
(103, 1),
(103, 4),
(103, 9),
(104, 1),
(104, 2),
(104, 7),
(105, 1),
(105, 2),
(105, 7),
(106, 1),
(106, 2),
(106, 7),
(107, 1),
(107, 2),
(107, 7),
(108, 1),
(108, 2),
(108, 8),
(109, 1),
(109, 2),
(109, 7),
(110, 1),
(110, 2),
(110, 7),
(111, 1),
(111, 2),
(111, 7),
(112, 1),
(112, 2),
(112, 8),
(113, 1),
(113, 2),
(113, 7),
(114, 1),
(114, 2),
(114, 6),
(114, 7),
(115, 1),
(115, 2),
(115, 8),
(116, 1),
(116, 2),
(116, 6),
(116, 7),
(117, 1),
(117, 2),
(117, 6),
(117, 7),
(118, 1),
(118, 2),
(118, 6),
(118, 7),
(119, 1),
(119, 2),
(119, 6),
(119, 7),
(120, 1),
(120, 2),
(120, 6),
(120, 7),
(121, 1),
(121, 2),
(121, 6),
(121, 7),
(122, 2),
(122, 6),
(122, 9),
(123, 1),
(123, 2),
(123, 9),
(124, 1),
(124, 2),
(124, 9),
(125, 1),
(125, 2),
(125, 9),
(126, 1),
(126, 3),
(126, 9),
(127, 1),
(127, 2),
(127, 6),
(127, 9),
(128, 1),
(128, 2),
(128, 6),
(128, 9),
(129, 1),
(129, 2),
(129, 6),
(129, 9),
(130, 1),
(130, 2),
(130, 9),
(131, 1),
(131, 2),
(131, 6),
(131, 9),
(132, 2),
(132, 3),
(132, 9),
(133, 2),
(133, 3),
(133, 9),
(134, 2),
(134, 3),
(134, 9),
(135, 2),
(135, 3),
(135, 9),
(136, 2),
(136, 3),
(136, 9),
(137, 2),
(137, 3),
(137, 9),
(138, 2),
(138, 3),
(138, 9),
(139, 2),
(139, 3),
(139, 9),
(140, 1),
(140, 2),
(140, 6),
(140, 7),
(141, 1),
(141, 2),
(141, 6),
(141, 7),
(142, 1),
(142, 2),
(142, 6),
(142, 7),
(143, 1),
(143, 2),
(143, 6),
(143, 7),
(144, 2),
(144, 4),
(144, 9),
(145, 2),
(145, 4),
(145, 9),
(146, 2),
(146, 4),
(146, 9),
(147, 1),
(147, 2),
(147, 7),
(148, 2),
(148, 3),
(148, 9),
(149, 2),
(149, 3),
(149, 9),
(150, 2),
(150, 3),
(150, 9),
(151, 4),
(151, 5),
(151, 9),
(152, 7),
(152, 9),
(153, 4),
(153, 5),
(153, 9),
(154, 4),
(154, 5),
(154, 9),
(155, 4),
(155, 5),
(155, 9),
(156, 4),
(156, 5),
(156, 9),
(157, 4),
(157, 5),
(157, 9),
(158, 3),
(158, 4),
(158, 9),
(159, 1),
(159, 2),
(159, 9),
(160, 1),
(160, 2),
(160, 9),
(161, 1),
(161, 4),
(161, 9),
(162, 2),
(162, 4),
(162, 9),
(163, 4),
(163, 5),
(163, 9),
(164, 4),
(164, 5),
(164, 9),
(165, 1),
(165, 2),
(165, 7),
(166, 1),
(166, 2),
(166, 7),
(167, 1),
(167, 2),
(167, 7),
(168, 1),
(168, 2),
(168, 9),
(169, 1),
(169, 2),
(169, 9),
(170, 1),
(170, 2),
(170, 9),
(171, 1),
(171, 2),
(171, 9),
(172, 1),
(172, 2),
(172, 6),
(172, 7),
(173, 1),
(173, 2),
(173, 6),
(173, 7),
(174, 1),
(174, 2),
(174, 6),
(174, 7),
(175, 1),
(175, 2),
(175, 6),
(175, 7),
(176, 1),
(176, 2),
(176, 6),
(176, 7),
(177, 1),
(177, 2),
(177, 6),
(177, 7),
(178, 1),
(178, 2),
(178, 7),
(178, 8),
(179, 1),
(179, 3),
(179, 6),
(179, 7),
(180, 1),
(180, 3),
(180, 6),
(180, 7),
(181, 1),
(181, 2),
(181, 7),
(182, 1),
(182, 2),
(182, 8),
(183, 2),
(183, 3),
(183, 4),
(183, 9),
(184, 2),
(184, 4),
(184, 9),
(185, 2),
(185, 4),
(185, 9),
(186, 1),
(186, 2),
(186, 6),
(186, 7),
(187, 1),
(187, 2),
(187, 6),
(187, 7),
(188, 1),
(188, 2),
(188, 6),
(188, 7),
(189, 2),
(189, 3),
(189, 9),
(190, 2),
(190, 3),
(190, 4),
(190, 5),
(190, 6),
(190, 7),
(190, 8),
(190, 9),
(191, 2),
(191, 3),
(191, 9),
(192, 2),
(192, 3),
(192, 9),
(193, 2),
(193, 3),
(193, 4),
(193, 6),
(193, 9),
(194, 2),
(194, 3),
(194, 4),
(194, 6),
(194, 9),
(195, 4),
(195, 5),
(195, 9),
(196, 1),
(196, 4),
(196, 9),
(197, 1),
(197, 4),
(197, 9),
(198, 1),
(198, 4),
(198, 9),
(199, 1),
(199, 4),
(199, 9),
(200, 1),
(200, 2),
(200, 7),
(201, 1),
(201, 2),
(201, 8),
(202, 1),
(202, 2),
(202, 8),
(203, 1),
(203, 2),
(203, 7),
(204, 1),
(204, 2),
(204, 6),
(204, 7),
(205, 1),
(205, 2),
(205, 8),
(206, 1),
(206, 2),
(206, 8),
(207, 1),
(207, 2),
(207, 8),
(208, 1),
(208, 2),
(208, 6),
(208, 9),
(209, 1),
(209, 2),
(209, 6),
(210, 2),
(210, 3),
(210, 9),
(211, 1),
(211, 2),
(211, 6),
(211, 7),
(212, 1),
(212, 2),
(212, 6),
(212, 7),
(213, 1),
(213, 2),
(213, 6),
(213, 7),
(214, 2),
(214, 4),
(214, 9),
(215, 2),
(215, 4),
(215, 9),
(216, 2),
(216, 4),
(216, 9),
(217, 1),
(217, 2),
(217, 9),
(218, 2),
(218, 4),
(218, 9),
(219, 1),
(219, 2),
(219, 7),
(220, 1),
(220, 2),
(220, 9),
(221, 1),
(221, 2),
(221, 9),
(222, 2),
(222, 4),
(222, 9),
(223, 2),
(223, 4),
(223, 9),
(224, 2),
(224, 4),
(224, 9),
(225, 2),
(225, 4),
(225, 9),
(226, 2),
(226, 4),
(226, 9),
(227, 2),
(227, 4),
(227, 9),
(228, 2),
(228, 4),
(228, 9),
(229, 2),
(229, 4),
(229, 9),
(230, 2),
(230, 4),
(230, 9),
(231, 2),
(231, 4),
(231, 9),
(232, 2),
(232, 4),
(232, 9),
(233, 2),
(233, 4),
(233, 9),
(234, 2),
(234, 4),
(234, 9),
(235, 2),
(235, 4),
(235, 9),
(236, 2),
(236, 5),
(236, 7),
(237, 2),
(237, 5),
(237, 7),
(238, 1),
(238, 2),
(238, 6),
(238, 7),
(239, 1),
(239, 4),
(239, 9),
(240, 1),
(240, 4),
(240, 9),
(241, 1),
(241, 2),
(241, 6),
(241, 7),
(242, 1),
(242, 2),
(242, 6),
(242, 7),
(243, 1),
(243, 2),
(243, 6),
(243, 7),
(244, 1),
(244, 2),
(244, 7),
(245, 1),
(245, 2),
(245, 7),
(246, 1),
(246, 2),
(246, 7),
(247, 1),
(247, 2),
(247, 7),
(248, 1),
(248, 2),
(248, 7),
(249, 1),
(249, 2),
(249, 7),
(250, 1),
(250, 2),
(250, 7),
(251, 1),
(251, 2),
(251, 7),
(252, 1),
(252, 2),
(252, 4),
(252, 9),
(253, 1),
(253, 2),
(253, 4),
(253, 9),
(254, 1),
(254, 4),
(254, 9),
(255, 4),
(255, 5),
(255, 9),
(256, 1),
(256, 3),
(256, 9),
(257, 1),
(257, 2),
(257, 7),
(258, 1),
(258, 2),
(258, 7),
(259, 1),
(259, 2),
(259, 7),
(260, 2),
(260, 3),
(260, 9),
(261, 2),
(261, 3),
(261, 6),
(261, 9),
(262, 2),
(262, 5),
(262, 6),
(263, 2),
(263, 5),
(263, 6),
(263, 9),
(264, 2),
(264, 5),
(264, 6),
(264, 9),
(265, 2),
(265, 4),
(265, 9),
(266, 1),
(266, 2),
(266, 6),
(266, 7);

-- --------------------------------------------------------

--
-- Estructura de tabla para la tabla `actividad_previa`
--

CREATE TABLE `actividad_previa` (
  `actividad_previa_id` int(11) NOT NULL,
  `nombre` varchar(100) COLLATE utf8_unicode_ci NOT NULL,
  `descripcion` varchar(500) COLLATE utf8_unicode_ci NOT NULL,
  `instruccion` varchar(150) COLLATE utf8_unicode_ci NOT NULL,
  `ruta_archivo` varchar(255) COLLATE utf8_unicode_ci NOT NULL,
  `estado` char(1) COLLATE utf8_unicode_ci NOT NULL DEFAULT 'A',
  `fecha_creacion` date NOT NULL
) ENGINE=InnoDB DEFAULT CHARSET=utf8 COLLATE=utf8_unicode_ci;

--
-- Volcado de datos para la tabla `actividad_previa`
--

INSERT INTO `actividad_previa` (`actividad_previa_id`, `nombre`, `descripcion`, `instruccion`, `ruta_archivo`, `estado`, `fecha_creacion`) VALUES
(1, 'Dibujemos animalitos', 'En la pantalla se presenta un panel central de dibujo libre y un panel de referencia de la imagen a realizar. La actividad consiste en que el estudiante dibuje con base a la imagen de referencia cuya animación permite visualizar el modo correcto de trazar un número.', 'Dibuja el número tomando como referencia el animal', 'public/uploads/actividades/previas/1/index.html', 'A', '2018-06-08'),
(2, 'Acaricia al animalito', 'En la pantalla se muestra una mascota acostada, en su lomo hay una línea punteada, el niño debe con el mouse sostenido delinear la ruta correctamente para que la mascota se ponga feliz.', 'Acaricia al animalito', 'public/uploads/actividades/previas/2/index.html', 'A', '2018-06-12'),
(3, 'Digitar el número', 'Dentro del panel hay 3 altavoces, los cuales al dar clic reproduce el sonido de alguien dictando un número, el niño debe ubicar ese número en el teclado y digitarlo en los recuadros verdes.', 'Escucha con atención y escribe el número dictado', 'public/uploads/actividades/previas/3/index.html', 'I', '2018-06-12');

-- --------------------------------------------------------

--
-- Estructura de tabla para la tabla `administrador`
--

CREATE TABLE `administrador` (
  `administrador_id` int(11) NOT NULL,
  `nombre` varchar(25) COLLATE utf8_unicode_ci NOT NULL,
  `apellido` varchar(25) COLLATE utf8_unicode_ci NOT NULL,
  `email` varchar(50) COLLATE utf8_unicode_ci NOT NULL,
  `password` varchar(255) COLLATE utf8_unicode_ci NOT NULL,
  `fecha_creacion` date NOT NULL
) ENGINE=InnoDB DEFAULT CHARSET=utf8 COLLATE=utf8_unicode_ci;

--
-- Volcado de datos para la tabla `administrador`
--

INSERT INTO `administrador` (`administrador_id`, `nombre`, `apellido`, `email`, `password`, `fecha_creacion`) VALUES
(1, 'Alejandro', 'Hernandez Valencia', 'alejo@correo.com', '$2y$10$5DEQduae6YZ8CC7bssCB0Otgp2Vyy5Wtz6JL1ZpMfv5EMkIeE2oUS', '2018-05-30'),
(2, 'María Alejandra', 'Hurtado', 'mahurtadopa@unal.edu.co', '$2y$10$5DEQduae6YZ8CC7bssCB0Otgp2Vyy5Wtz6JL1ZpMfv5EMkIeE2oUS', '2018-05-30');

-- --------------------------------------------------------

--
-- Estructura de tabla para la tabla `categoria`
--

CREATE TABLE `categoria` (
  `categoria_id` int(11) NOT NULL,
  `nivel_id` int(11) NOT NULL,
  `nombre` varchar(255) COLLATE utf8_unicode_ci NOT NULL
) ENGINE=InnoDB DEFAULT CHARSET=utf8 COLLATE=utf8_unicode_ci;

--
-- Volcado de datos para la tabla `categoria`
--

INSERT INTO `categoria` (`categoria_id`, `nivel_id`, `nombre`) VALUES
(1, 1, 'Números cardinales'),
(2, 1, 'Ubicación en el espacio'),
(3, 1, 'Geometría'),
(4, 1, 'Patrones'),
(5, 1, 'Conjuntos'),
(6, 1, 'Seriación y clasificación'),
(7, 2, 'Secuencias temporales'),
(8, 2, 'Datos de temporalidad'),
(9, 2, 'Comparación de números'),
(10, 2, 'Memorización de números'),
(11, 2, 'Orientación temporal'),
(12, 3, 'Símbolos matemáticos'),
(13, 4, 'Operaciones y pensamiento algebraico'),
(14, 4, 'Números y operaciones en base 10'),
(15, 4, 'Escritura de números'),
(16, 4, 'Reconocimiento de la moneda'),
(17, 4, 'Clasificación número y de objetos'),
(18, 4, 'Fracciones');

-- --------------------------------------------------------

--
-- Estructura de tabla para la tabla `configuracion`
--

CREATE TABLE `configuracion` (
  `cant_actividades_previas` int(11) NOT NULL DEFAULT '3'
) ENGINE=InnoDB DEFAULT CHARSET=utf8 COLLATE=utf8_unicode_ci;

--
-- Volcado de datos para la tabla `configuracion`
--

INSERT INTO `configuracion` (`cant_actividades_previas`) VALUES
(3);

-- --------------------------------------------------------

--
-- Estructura de tabla para la tabla `docente`
--

CREATE TABLE `docente` (
  `docente_id` int(11) NOT NULL,
  `nombre` varchar(25) COLLATE utf8_unicode_ci NOT NULL,
  `apellido` varchar(25) COLLATE utf8_unicode_ci NOT NULL,
  `institucion_id` int(11) NOT NULL,
  `email` varchar(50) COLLATE utf8_unicode_ci NOT NULL,
  `password` varchar(255) COLLATE utf8_unicode_ci NOT NULL,
  `fecha_creacion` date NOT NULL,
  `ultimo_acceso` date DEFAULT NULL
) ENGINE=InnoDB DEFAULT CHARSET=utf8 COLLATE=utf8_unicode_ci;

--
-- Volcado de datos para la tabla `docente`
--

INSERT INTO `docente` (`docente_id`, `nombre`, `apellido`, `institucion_id`, `email`, `password`, `fecha_creacion`, `ultimo_acceso`) VALUES
(1, 'Alejandro', 'Hernandez Valencia', 1, 'alejo@correo.com', '$2y$10$o3EV89R5xLnq3hd0sJ9E6OL18lmAjuYCFtnGpAJGIFJsotJ5xEzyy', '2018-05-31', NULL),
(2, 'GAIA', 'Grupo', 1, 'gaia_man@unal.edu.co', '$2y$10$No8icY8UDzQ6y1CPeQALpux1mIdkfu41Vpp9GeVlksIA9motn9Tc2', '2018-06-12', NULL),
(3, 'Maria Alejandra', 'Hurtado Parra', 1, 'aleja_947@hotmail.com', '$2y$10$NhpPM9NYAxRsqHRhYC3YMOkjTWQRUU0u1ZDpa4Khdy5DEg.pVFL56', '2018-06-15', NULL),
(4, 'Mauro', 'Soche', 1, 'msochel@unal.edu.co', '$2y$10$3VT4t0EPEkTrMfzkemLobOfLqomegjJpCcuyOJ8sHhxe5cQzK6muK', '2018-06-17', NULL),
(5, 'Alejandra', 'Ospina Herran ', 2, 'alejandra.ospina@unal.edu.co', '$2y$10$nAk22f/mJz8EzSDsk2y.rOYmuBw0zF4FrG7mQVKV9YQ/3G7b4lSXm', '2018-06-17', NULL),
(6, 'Yarlin ', 'Vargas', 2, 'yarlin@gmail.com', '$2y$10$vozM6uZKTFF9XBP3.hcaUeS3WYK2QVapbws9KNxHhK5iB1ymT2Emq', '2018-07-05', NULL),
(7, 'Maria Alejandra', 'Parra', 1, 'aleja@gmail.com', '$2y$10$GqOzLlO/pUJpHrk2j2SwEOPXCv3M8G8TCUpfOZSxaD.QLZ.9G.D/G', '2018-07-11', NULL),
(8, 'Alfonso', 'Hernandez', 0, 'alfonso@correo.com', '$2y$10$mW0smuHL4TAWjJ6u27dLouhEBzUyBVpLKIu.llUza/wxTt2tlQ8te', '2018-08-13', NULL),
(9, 'Prueba ', 'Uno', 1, 'prueba1@correo.com', '$2y$10$v8jtzGxGsSmBYIJDO1wrvu02ObMGINgT.fdkRC3UGOUE/KpiSPtNK', '2018-08-17', NULL),
(10, 'Prueba ', 'dos', 0, 'prueba2@correo.com', '$2y$10$eyQurXH37qdlP4sO4JU5beHzma3niDtyGyQXQAvp8lv0WJZ1qnRGm', '2018-08-30', NULL),
(11, 'karol ', 'pedraza', 0, 'kpedrazag@unal.edu.co', '$2y$10$933sL/k.l9.3h4LSHUdVD.q.c9TT2fS7/Q6e/LytFeEfDB/lPn8GG', '2018-09-24', NULL),
(12, 'Camilo', 'Castillo', 0, 'camilo.castillo@correo.com', '$2y$10$/UdJ3yGcDQCiscfYBFNs1.OTIxBJrq2KYEKhQ.BDWPtH3hV9qis.W', '2018-10-19', NULL),
(13, 'Nestor ', 'Duque', 1, 'nestor.dario@gmail.com', '$2y$10$UBilmQgo1oo876OV1mrI2eWoDpEIP/N3I5gFiiQETgyqdHExRf8Q6', '2018-10-22', NULL),
(14, 'Valentina', 'Tabares Morales', 1, 'vtabaresm@unal.edu.co', '$2y$10$9hEHBM0x2sclgi9dJrwG4.3F2LK2zW7hqlw6wV1lo2HBA7UgZejDS', '2018-10-22', NULL),
(15, 'Amparo del Socorro', 'Romero Perez', 0, 'amsorope@hotmail.com', '$2y$10$8ntCMwc6ocralLGwYcMmOO4BB.2V1G4JGSYBcClJx3UutBUNqI6Ki', '2018-10-23', NULL),
(16, 'Esmeralda ', 'Valbuena Ortega', 0, 'esmeraldavo2013@hotmail.com', '$2y$10$NXT9u6HwUI.Lh4PHPc4xvuaiIhYbIw9ug0JKaUESOtsoMSn4WnBM6', '2018-10-23', NULL),
(17, 'Ana Libia', 'Gonzalez Nino', 0, 'ana.libia@correo.com', '$2y$10$GoQ6iRJAaI0OmJvaDNvv1u4Fjb5dSemtVm1BdaInNI2dqmePV9wry', '2018-11-13', NULL),
(18, 'Valentina', 'Moncada', 3, 'morethanwords57@gmail.com', '$2y$10$2ITc2Zn8iOnwXgpsBXXPred5OFe79xhlpr.sz61Xgsz9DsHQAA1xK', '2019-05-15', NULL),
(19, 'Valentina', 'Moncada', 3, 'vmoncadas@unal.edu.co', '$2y$10$1g.fpz2eA3XpXQMet.EJr.1wfWsz4wCECmxRLdoTWba.EZmm7ABgK', '2019-05-16', NULL),
(20, 'valen', 'moncada', 3, 'prueba@a.com', '$2y$10$eU0ho8N/N5xa9.QLswGicOtRMxqSvMbcSaFosmXiG5BF4g.sklg6W', '2019-05-16', NULL);

-- --------------------------------------------------------

--
-- Estructura de tabla para la tabla `estudiante`
--

CREATE TABLE `estudiante` (
  `estudiante_id` int(11) NOT NULL,
  `docente_id` int(11) NOT NULL,
  `nombre` varchar(25) COLLATE utf8_unicode_ci NOT NULL,
  `apellido` varchar(25) COLLATE utf8_unicode_ci NOT NULL,
  `usuario` varchar(255) COLLATE utf8_unicode_ci NOT NULL,
  `genero` char(1) COLLATE utf8_unicode_ci NOT NULL,
  `fecha_nacimiento` date NOT NULL,
  `grado_id` int(11) NOT NULL,
  `password` varchar(255) COLLATE utf8_unicode_ci DEFAULT NULL,
  `observacion` varchar(300) COLLATE utf8_unicode_ci DEFAULT NULL,
  `estado` char(2) COLLATE utf8_unicode_ci NOT NULL DEFAULT 'CN',
  `fecha_creacion` date NOT NULL,
  `ultimo_acceso` date DEFAULT NULL
) ENGINE=InnoDB DEFAULT CHARSET=utf8 COLLATE=utf8_unicode_ci;

--
-- Volcado de datos para la tabla `estudiante`
--

INSERT INTO `estudiante` (`estudiante_id`, `docente_id`, `nombre`, `apellido`, `usuario`, `genero`, `fecha_nacimiento`, `grado_id`, `password`, `observacion`, `estado`, `fecha_creacion`, `ultimo_acceso`) VALUES
(1, 1, 'Alejandro', 'Hernandez Valencia', 'alejandrohv', 'M', '2018-05-01', 1, '$2y$10$VYjuZbYxdoWHHw/F9J0UyO7hmkcTnqLfY/aRmB/jfVG38SbZBqmCi', 'No', 'PF', '2018-05-31', '2018-11-18'),
(2, 1, 'Mariana', 'Perez Valencia', 'marianapv', 'F', '2018-06-11', 1, '$2y$10$dpE/FKmkloqgCCz8Auez.O2.4PARxKKeM4/3Gl5ETJGQ2xwakNN36', 'No', 'CP', '2018-06-12', '2018-06-12'),
(3, 1, 'Diana Patricia', 'Quintero Lorza', 'dianaql', 'F', '2018-06-01', 1, '$2y$10$y.o4ScbGYhCQO3e2W.495OLxHrxHfCWDgObB.p7McyzyB8uZvgH/u', 'No', 'CP', '2018-06-15', '2018-06-15'),
(4, 1, 'Luis Felipe', 'Londoño Rojas', 'luislr', 'M', '2018-06-01', 1, '$2y$10$zMtphZYLftTBVTp0aHyZwOl9hDlERQAU8mcOqTrudlDMYt6JZu6IC', 'No', 'CP', '2018-06-15', '2018-06-15'),
(5, 1, 'Laura Viviana', 'Ríos Obando', 'lauraro', 'F', '2018-06-01', 1, '$2y$10$zL.dEjenTMVFwdrSx6ikxe/E6kbwSHsijdCGEfxIaI45dHdSxjwUK', 'No', 'CP', '2018-06-15', '2018-06-15'),
(6, 1, 'Alejandro', 'Hernandez Valencia', 'alejandrohv1', 'M', '2018-06-01', 1, '$2y$10$WF193jOHTA9hUWkCk3rn/e4SqXetzrqz9gdPrzrMVbDl6fnu84sou', 'No', 'PP', '2018-06-15', '2018-06-15'),
(7, 1, 'Jose Albeiro', 'Montes Gil', 'josemg', 'M', '2018-06-01', 1, '$2y$10$UsF7a6tUxT0oZUB9Z6IfS.5JoRCHYyQS1Dyt8NwiTzsTefmR3yZfO', 'No', 'CP', '2018-06-15', '2018-06-15'),
(8, 1, 'Juan Camilo', 'Escobar Naranjo', 'juanen', 'M', '2018-06-01', 1, '$2y$10$Eh6pw4XX1XtB74aIq5twce/o4TxVdquXmloYWv6G9S53QT0meogp6', 'No', 'CP', '2018-06-15', '2018-06-15'),
(9, 1, 'Juan José', 'Giraldo Valencia', 'juangv', 'M', '2018-06-01', 1, '$2y$10$C0B9UBCB9st65UqKknzG/.ZfiDIMb6R/UZCrzDKbcPTvYaW7GW./S', 'No', 'PF', '2018-06-15', '2018-06-15'),
(10, 3, 'Juan José', 'Gonzalez', 'juang', 'M', '2014-01-23', 1, '$2y$10$kp/YAmy/0rztrt0Ur6XeWOVBXFrHr8YCghQdnTE.6EFZK1a.W9deK', 'Ninguna', 'CP', '2018-06-17', '2018-07-11'),
(11, 4, 'Santiago', 'Mendoza', 'santiagom', 'M', '2010-02-09', 1, '$2y$10$rAjXHA8ayCzSn9z4/xe.iOw0JJGCVIYVjtLNClpy5Vc53K9QrxYiy', 'No', 'CP', '2018-06-17', '2018-06-17'),
(12, 3, 'Evaluna', 'Montes Hurtado', 'evalunamh', 'F', '2013-12-03', 1, '$2y$10$K02sfH/ax/uxJoTy8v0FsOnNfY4se0KxLcDooQ2UVPRVmvzirguc2', 'ninguno', 'CP', '2018-06-17', '2018-06-17'),
(13, 3, 'Laura', 'Hurtado', 'laurah', 'F', '2010-05-25', 1, '$2y$10$xRNPqkBx/xQtpLrXUubQ1exYDulUy.W8XA.pE30VXzg1t0RliAJCq', 'Ninguno ', 'PP', '2018-06-17', '2018-06-17'),
(14, 5, 'Valentina', 'Álvarez Ortega', 'valentinaao', 'F', '2014-12-03', 1, '$2y$10$V0E7R5xjgvYlX3zcweVbpuDnvhXCrC5ICRrIpCH2GjsdAgUhsAfKS', 'Ninguna ', 'CP', '2018-06-17', '2018-06-18'),
(15, 5, 'Valeria', 'Arroyave Naranjo', 'valeriaan', 'F', '2012-12-03', 1, '$2y$10$uYp.DS2Tn81l3pUJ8S9LnOtmyM7FQ8F2gP8.IX8hMdbjRYiwF9JIm', 'ninguno', 'CP', '2018-06-17', '2018-06-18'),
(16, 5, 'Manuela', 'Correa Botero', 'manuelacb', 'F', '2012-12-03', 1, '$2y$10$gfRKCiIffEkcBODz68cuIOPMqsxiFKX4KPbSt5lgG/hwu/rJ4bYAi', 'Ninguno', 'CP', '2018-06-17', '2018-06-18'),
(17, 5, 'Isabella', 'Echeverri Castaño', 'isabellaec', 'F', '2011-12-02', 1, '$2y$10$aORytayGD1dZHih8viRcJOra0tW2nbiVbTugz/zToxt.vILRSOXAu', 'Ninguno', 'CP', '2018-06-17', '2018-06-18'),
(18, 5, 'Laura', 'Hincapié Ospina', 'lauraho', 'F', '2012-12-02', 1, '$2y$10$6GaONff7Ckj8HFpgaevKOuC0LsG3V3cW6XgSi0F51wTJUbWoADNwG', 'Ninguno ', 'CP', '2018-06-17', '2018-06-18'),
(19, 5, 'Manuela', 'Murcia Jaramillo', 'manuelamj', 'F', '2011-12-02', 1, '$2y$10$kt3y.OsCo4pblzHNlup.E.VO5UG67G7TiUMm4Vq7OhZPUShqLTwhS', 'Ninguno', 'CP', '2018-06-17', '2018-06-18'),
(20, 5, 'Luciana', 'Murcia Muñoz', 'lucianamm', 'F', '2011-10-02', 1, '$2y$10$o5wXk4GKQW.exXM22oaolewfAk467uhsnhH1iMzeXj5qKj13N.uiK', 'Ninguno\r\n', 'CP', '2018-06-17', '2018-06-18'),
(21, 5, 'Isabella', 'Ruiz Valencia', 'isabellarv', 'F', '2011-10-02', 1, '$2y$10$YVg4iE/uG1G7V1fgVPelTeTocivHOjokWXipvNvwOGIePfR.MyDtW', 'Ninguno', 'CP', '2018-06-17', '2018-06-18'),
(22, 5, 'Sara', 'Vieira Muñoz', 'saravm', 'F', '2012-09-02', 1, '$2y$10$MEFYcwMK1MdmqMsaWHK4Je9yQrgn/fS4q4xyz.fSqmX4EQV/Mco3u', 'Ninguno', 'CP', '2018-06-17', '2018-06-18'),
(23, 3, 'Jorge Ivan', 'Montes', 'jorgem', 'M', '2012-12-03', 1, '$2y$10$7W1Y0QxugL1mDTGdeWZxk.OnsxJ.TRyDugk1b2wt4PSo9vY3IaSXe', 'ninguna', 'CP', '2018-06-18', '2018-06-18'),
(24, 6, 'Valentina', 'Hernandez', 'valentinah', 'F', '2014-12-03', 1, '$2y$10$pf.9MjGXaKZFMGGg5iKX/O5is1f9qxPgfMr20mBZca.rpH6bzgnLS', 'ninguna', 'CP', '2018-07-05', '2018-07-05'),
(25, 6, 'Valentina', 'Hernandez', 'valentinah1', 'F', '2014-12-03', 1, NULL, 'ninguna', 'CN', '2018-07-05', NULL),
(26, 6, 'Valentina', 'Hernandez', 'valentinah2', 'F', '2014-12-03', 1, NULL, 'ninguna', 'CN', '2018-07-05', NULL),
(27, 6, 'Valentina', 'Hernandez', 'valentinah3', 'F', '2014-12-03', 1, NULL, 'ninguna', 'CN', '2018-07-05', NULL),
(28, 6, 'Valentina', 'Hernandez', 'valentinah4', 'F', '2014-12-03', 1, NULL, 'ninguna', 'CN', '2018-07-05', NULL),
(29, 6, 'Valentina', 'Hernandez', 'valentinah5', 'F', '2014-12-03', 1, NULL, 'ninguna', 'CN', '2018-07-05', NULL),
(30, 7, 'Antonio', 'Hurtado', 'antonioh', 'M', '2014-02-03', 1, '$2y$10$yP0ra2T4FhMVBQ572fYJauQByLbZqzWPKt1i4uY0GWv4/ZWerx6p2', 'ninguna', 'PN', '2018-07-11', '2018-07-11'),
(31, 1, 'Mariana', 'Perez Valencia', 'marianapv1', 'F', '2018-07-05', 1, '$2y$10$zmUHeRWPEHyR.XbLeojigOQuI27YAg2kBTw2Z6t61aUj2QRahW7qm', 'No', 'PN', '2018-07-20', '2018-07-31'),
(32, 1, 'Alejandro', 'Hernandez Valencia', 'alejandrohv2', 'M', '2018-08-02', 1, '$2y$10$NcCKYv5Mcjhue5Zzvn4S2elpP7mEohTod3y19J6.B2WIt4waJ1uMC', 'Ninguna', 'PF', '2018-08-13', '2018-08-13'),
(33, 8, 'Juan Camilo', 'Hernandez', 'juanh', 'M', '2018-08-01', 1, '$2y$10$8WCJbWT20//DBajkaGbrv.oeLVXXrhJLoat2PZ9BT4gAv8xs3aMG6', 'Ninguna', 'PP', '2018-08-13', '2018-08-13'),
(34, 9, 'estudiante', 'prueba uno', 'estudiantepu', 'M', '2016-08-11', 2, '$2y$10$F5Qqt0RJcSc9eKOFksZggejI8MG5QXQyMu4SiQQU2/6pGGjshQzWK', 'ninguna', 'PP', '2018-08-17', '2018-08-31'),
(35, 9, 'estudiante', 'prueba dos', 'estudiantepd', 'F', '2018-08-08', 2, '$2y$10$F6wGbGviJdiHRtzrjDP2Vufn/BT1GFaLo4nWhtFdCxd.TAPx/Bj7.', 'Ninguna', 'PP', '2018-08-22', '2018-08-22'),
(36, 9, 'estudiante', 'prueba tres', 'estudiantept', 'F', '2018-08-08', 2, '$2y$10$BsTy6f.zkMM6j3F2YUUf7e7DjXs07DRD3bmX9fn/eknx9fbNcoarm', 'Ninguna', 'PP', '2018-08-22', '2018-08-23'),
(37, 9, 'estudiante', 'prueba cuatro', 'estudiantepc', 'M', '2018-08-03', 2, '$2y$10$Db0QaFu5uIpxQcsYmYNfh.XdP/hlKI5Z4m2RIv84Nz5Dy.HB14eMm', 'Ninguna', 'PP', '2018-08-22', '2018-08-23'),
(38, 9, 'estudiante', 'prueba cinco', 'estudiantepc1', 'F', '2018-08-15', 2, '$2y$10$jHN8JYr1enUJUPHi9PxYEuc5Bf3MU6bcH/nwiCpgPW4hP2bQa47kq', 'Ninguna', 'PP', '2018-08-23', '2018-08-30'),
(39, 9, 'estudiante', 'prueba seis', 'estudianteps', 'F', '2018-08-02', 2, '$2y$10$bTS8sayWIquauEwHOgNdROQ/qH9.mQnFD1xpwui9nEzz8fKKEmwE6', 'Ninguna', 'PP', '2018-08-30', '2018-08-30'),
(40, 9, 'estudiante', 'prueba siete', 'estudianteps1', 'F', '2018-08-07', 2, '$2y$10$fz8Qr0SN4I2WfVHvP.kIJ.HZCB837diFbeMpbDb4QUu1A04fL6cY6', 'Ninguna', 'PF', '2018-08-30', '2018-08-30'),
(41, 9, 'estudiante', 'prueba ocho', 'estudiantepo', 'M', '2018-03-06', 2, '$2y$10$94pTXvifCm9kbYFezmc/su9.LKZ1U2vWWBjfMIpebvG5n/7K64d1.', 'Ninguna', 'PF', '2018-08-30', '2018-08-30'),
(42, 9, 'estudiante', 'prueba nueve', 'estudiantepn', 'M', '2018-08-06', 3, '$2y$10$C1WfFHD.vD2.yhB9K0AZC.LnqjkUAa/g54okWFvRIU9r2pOOIpq3O', 'Ninguna', 'PF', '2018-08-30', '2018-09-25'),
(43, 9, 'estudiante', 'prueba diez', 'estudiantepd1', 'F', '2018-08-13', 2, '$2y$10$bKPCeqb1ILapzYkRbh19euLmcEK11PyjpV9vYdDURlHwG8gF.BvyW', 'Ninguna', 'PP', '2018-08-30', '2018-09-10'),
(44, 9, 'estudiante', 'prueba once', 'estudiantepo1', 'F', '2018-08-06', 2, '$2y$10$1HZCd2/cBiIhA4uemqcEReaN.JqVyF7KhHyhWDdFwqWean38g2J.y', 'Ninguna', 'PF', '2018-08-30', '2018-08-30'),
(45, 10, 'estudiante', 'prueba uno', 'estudiantepu1', 'M', '2018-08-01', 3, '$2y$10$.b8A9leVRfXgyGxluz.b7e2xQoJsspS4pfgcg7dsqxldbrIrR9Kti', 'Ninguna', 'PN', '2018-08-30', '2018-08-30'),
(46, 10, 'estudiante', 'prueba dos', 'estudiantepd2', 'F', '2018-08-06', 2, '$2y$10$9ddpBxrD6.7A09q0q90id.8ipAqdTD5n1VluPvbERusYSRm8RwQVa', 'Ninguna', 'PN', '2018-08-31', '2018-08-31'),
(47, 9, 'estudiante', 'prueba diez', 'estudiantepd3', 'M', '2016-09-02', 3, '$2y$10$6oxArEHv1Rk1pGd6JKO4xu6Txh5Uqh2Q0cQFM7FssmiZjx5IO9rDG', 'Ninguna', 'PN', '2018-09-10', '2018-09-17'),
(48, 9, 'estudiante', 'prueba once', 'estudiantepo2', 'F', '2016-09-01', 2, '$2y$10$dhbmQ3ODEKbkSVE9xNC80ufUdm6ohL2iGXNrLcGUTpvKbjl/beCWS', 'Ninguna', 'PF', '2018-09-10', '2018-09-25'),
(49, 9, 'estudiante', 'prueba doce', 'estudiantepd4', 'F', '2018-09-05', 1, '$2y$10$/btuuyZlj.JV/X72RAd0OOJXcDmnsZxcVWSoc4ryZxOdtsz6qcBsS', 'Ninguna', 'PF', '2018-09-10', '2018-09-10'),
(50, 9, 'estudiante', 'prueba once', 'estudiantepo3', 'M', '2018-09-04', 1, '$2y$10$U6shUpad1gpiIS.YUjRpAuWyTU267Np3MW1xVJTnVJ1Zq5AhswRIq', 'Ninguna', 'PP', '2018-09-14', '2018-09-14'),
(51, 1, 'Prueba', 'segundo', 'pruebas', 'M', '2018-09-01', 2, '$2y$10$rJu3cVRz6gcWpEfdX.gIs.7DVvXBwF7LB7F8IhXbDogSY5N6VPQqK', 'Ninguna', 'PF', '2018-09-18', '2018-09-18'),
(52, 1, 'Prueba', 'Tercero', 'pruebat', 'F', '2018-09-05', 3, '$2y$10$QKp8whWbNBLaK94lHAywpuZimw5CqgctdodkOq8OFF0qiOsV2AdDS', 'Ninguna', 'PF', '2018-09-19', '2018-09-19'),
(53, 11, 'juana', 'giraldo', 'juanag', 'F', '2018-09-05', 1, NULL, 'Ninguna', 'CN', '2018-09-24', NULL),
(54, 9, 'Nestor', 'Prueba', 'nestorp', 'M', '2018-10-01', 3, '$2y$10$oOuFKph/XB.8qtKfa2vCNesWDy0eggSffXpS81bhrpTz4KMTxTGKa', 'Ninguna', 'PF', '2018-10-03', '2018-10-03'),
(55, 12, 'Luis', 'Garcia', 'luisg', 'M', '2015-02-03', 2, '$2y$10$TeCBwIyJF9kcCaYJ4blj..y8giihCFo8JOH7Bu.D12C9b273DXoIC', 'Ninguna', 'PF', '2018-10-19', '2018-10-19'),
(56, 13, 'Tomas', 'Murillo', 'tomasm', 'M', '2010-11-25', 3, '$2y$10$ggSNOGG3LZ4pCRVfazoCpepubO6zROB8nSnDIyjlxENrEy/xQ/Gce', 'Ninguna', 'PF', '2018-10-22', '2018-10-27'),
(57, 13, 'Nohelia', 'Colmenares', 'noheliac', 'F', '2012-12-04', 1, '$2y$10$VnSIFZz4b0ObI6QYYst42uzb1IPf2DRvkblgJJXLFRsdGttMjawMm', 'Ninguna', 'PF', '2018-10-22', '2018-10-23'),
(58, 14, 'Sergio', 'Restrepo Parra', 'sergiorp', 'M', '2010-10-02', 2, '$2y$10$KJ3gemUJsbBs3aooWgGR3.DHL3VAvPG.BoGbM/mng2Nuwx1eg2.ly', 'Ninguna', 'PF', '2018-10-22', '2018-10-22'),
(59, 14, 'Valentina', 'Tabares Morales', 'valentinatm', 'F', '2010-10-02', 2, '$2y$10$6ZzpSXzfD8Da83ZJF2ZarOlL//nMWCSLxjmcJ4m6Yl0oixwxS1EVW', 'Ninguna', 'PF', '2018-10-22', '2018-10-22'),
(60, 14, 'Juan Esteban', 'Henao Restrepo', 'juanhr', 'M', '2009-10-21', 3, '$2y$10$pyYh5qL2BuCp3/7qC1aI6eUtl.rVxC.rd1pRWyP8/S0LsJPZGVcvK', 'Ninguna', 'PF', '2018-10-22', '2018-10-22'),
(61, 14, 'Valeria', 'Cortés Parra', 'valeriacp', 'F', '2008-12-26', 3, '$2y$10$evMvlSxZ96TRoxYrxTMcfu0306zscElama46nga4QJ4kDpwYrdS8q', 'Ninguna', 'PF', '2018-10-22', '2018-10-22'),
(62, 13, 'Angel', 'Mendez', 'angelm', 'M', '2012-11-13', 1, '$2y$10$QSMweRk25OzBHMfzWOKZXezmCIcuHRyspSvM.SPGYr.OhAy62XpFW', 'Ninguna', 'PF', '2018-10-23', '2018-10-23'),
(63, 13, 'Sara', 'Murillo', 'saram', 'F', '2009-11-26', 2, '$2y$10$eK5etugHuBwow1ULtqnq5u3IfedXunPRbW7qk5737tP23l93rDJ76', 'Ninguna', 'PF', '2018-10-23', '2018-10-27'),
(64, 15, 'Daniel Esneider', 'Bautista Laureano', 'danielbl', 'M', '2011-12-09', 1, NULL, 'Ninguna', 'CN', '2018-10-23', NULL),
(65, 15, 'Luisa Fernanda', 'Buitrago Eslava', 'luisabe', 'F', '2011-10-18', 1, NULL, 'Ninguna', 'CN', '2018-10-23', NULL),
(66, 15, 'Alejandro Josue', 'Castañeda Carreño', 'alejandrocc', 'M', '2011-08-23', 1, NULL, 'Ninguna', 'CN', '2018-10-23', NULL),
(67, 15, 'Sarai Sofia', 'Duran Blanco', 'saraidb', 'F', '2011-05-06', 1, NULL, 'Ninguna', 'CN', '2018-10-23', NULL),
(68, 15, 'Angela Mildred', 'Fernández Garcia', 'angelafg', 'F', '2012-01-04', 1, NULL, 'Ninguna', 'CN', '2018-10-23', NULL),
(69, 15, 'Angy Samanta', 'Garcia Parra', 'angygp', 'F', '2011-11-08', 1, NULL, 'Ninguna', 'CN', '2018-10-23', NULL),
(70, 15, 'Estefany Michell', 'Giraldo Sepulveda', 'estefanygs', 'F', '2012-05-05', 1, NULL, 'Ninguna', 'CN', '2018-10-23', NULL),
(71, 15, 'Keren Sofia', 'Gomez Gualdron', 'kerengg', 'F', '2011-01-05', 1, NULL, 'Ninguna', 'CN', '2018-10-23', NULL),
(72, 15, 'Sebastian', 'Granados Ortiz', 'sebastiango', 'M', '2012-07-30', 1, NULL, 'Ninguna', 'CN', '2018-10-23', NULL),
(73, 15, 'Dagna Anaid', 'Heredia Vasquez', 'dagnahv', 'F', '2012-04-01', 1, NULL, 'Ninguna', 'CN', '2018-10-23', NULL),
(74, 15, 'Jose Alejandro', 'Lazo Granados', 'joselg', 'M', '2012-01-21', 1, NULL, 'Ninguna', 'CN', '2018-10-23', NULL),
(75, 15, 'Jesús Adrian', 'León Castellanos', 'jesuslc', 'M', '2011-10-05', 1, NULL, 'Ninguna', 'CN', '2018-10-23', NULL),
(76, 15, 'Astrid Yarlin', 'León Espinosa', 'astridle', 'F', '2011-11-23', 1, NULL, 'Ninguna', 'CN', '2018-10-23', NULL),
(77, 15, 'Lincoln Andrey', 'Lizarazo Maldonado', 'lincolnlm', 'M', '2012-07-08', 1, NULL, 'Ninguna', 'CN', '2018-10-23', NULL),
(78, 15, 'Karoll Nicole', 'Mayorga Leal', 'karollml', 'F', '2012-05-09', 1, NULL, 'Ninguna', 'CN', '2018-10-23', NULL),
(79, 15, 'Maria Jose', 'Medina Zabala', 'mariamz', 'F', '2012-05-15', 1, NULL, 'Ninguna', 'CN', '2018-10-23', NULL),
(80, 15, 'Emelyn  Dariana', 'Moreno Hernandez', 'emelynmh', 'F', '2011-12-02', 1, NULL, 'Ninguna', 'CN', '2018-10-23', NULL),
(81, 15, 'Anyi Daniela', 'Pérez Ortega', 'anyipo', 'F', '2012-01-15', 1, NULL, 'Ninguna', 'CN', '2018-10-23', NULL),
(82, 15, 'Juan David', 'Porras Gomez', 'juanpg', 'M', '2012-01-25', 1, NULL, 'Ninguna', 'CN', '2018-10-23', NULL),
(83, 15, 'Dayner Mateo', 'Restrepo Telles', 'daynerrt', 'M', '2012-06-17', 1, NULL, 'Ninguna', 'CN', '2018-10-23', NULL),
(84, 15, 'Braydon Stick', 'Robles Vanegas', 'braydonrv', 'M', '2011-09-23', 1, NULL, 'Ninguna', 'CN', '2018-10-23', NULL),
(85, 15, 'Adrian Esteban', 'Rojas Larrahondo', 'adrianrl', 'M', '2012-03-29', 1, NULL, 'Ninguna', 'CN', '2018-10-23', NULL),
(86, 15, 'Dorlan Alexandro', 'Ruiz Castro', 'dorlanrc', 'M', '2012-05-04', 1, NULL, 'Ninguna', 'CN', '2018-10-23', NULL),
(87, 15, 'Laura Milena', 'Santos Herrera', 'laurash', 'F', '2012-06-14', 1, NULL, 'Ninguna', 'CN', '2018-10-23', NULL),
(88, 15, 'Darly Juliana', 'Serrano Mendoza', 'darlysm', 'F', '2011-08-06', 1, NULL, 'Ninguna', 'CN', '2018-10-23', NULL),
(89, 15, 'Maria Isabella', 'Suescun Acuña', 'mariasa', 'F', '2012-02-07', 1, NULL, 'Ninguna', 'CN', '2018-10-23', NULL),
(90, 15, 'thomas Camilo', 'torres Silva', 'thomasts', 'M', '2012-05-10', 1, NULL, 'Ninguna', 'CN', '2018-10-23', NULL),
(91, 15, 'Dylan  Santiago', 'Zabala Sierra', 'dylanzs', 'M', '2011-12-03', 1, NULL, 'Ninguna', 'CN', '2018-10-23', NULL),
(92, 17, 'LUIS ALEJANDRO', 'ACEVEDO ISAQUITA', 'luisai', 'M', '2010-11-08', 3, '$2y$10$ipTLSDbRl7iM4Kg/opBXbuZ2HOslblmTow55Z5vVzVHPwdVIjencS', 'ninguna ', 'PN', '2018-11-13', '2018-11-13'),
(93, 17, 'DANIELA MICHELLE', 'ANGARITA CONTRERAS', 'danielaac', 'F', '2010-11-09', 3, '$2y$10$jrQwwvEB7OBHl/BlaUtPruWRafcG7wBO5KHuJ2KABg1VlLbUAtw0e', 'Ninguna', 'PN', '2018-11-13', '2018-11-13'),
(94, 17, 'ISABELA', 'APONTE PEDROZO', 'isabelaap', 'F', '2010-11-09', 3, '$2y$10$QXEGCQAvD2kl6r/c2Y.vie.VbF3OOE/NpEJnjj6d198s/3ARxz35y', 'Ninguna', 'PN', '2018-11-13', '2018-11-13'),
(95, 17, 'YENLIT NICOL', 'ARROYAVE GELVEZ', 'yenlitag', 'F', '2010-11-09', 3, '$2y$10$MdxXdaG9Qq4eOlCCYtt11OHw1JvvS61hNMW0ngE4mZvWkNQmZmn6y', 'Ninguna', 'PN', '2018-11-13', '2018-11-13'),
(96, 17, 'ANGELLY DINARA', 'BAEZ REYES', 'angellybr', 'F', '2010-11-09', 3, '$2y$10$YjhbyCCWIRBLy/UxxlCB4OJzODVQvXSqoZm3BdLDjXaGHjJDAIAdO', 'Ninguna', 'PN', '2018-11-13', '2018-11-13'),
(97, 17, 'VALERIT TATIANA', 'BOBADILLA DORADO', 'valeritbd', 'F', '2010-11-07', 3, '$2y$10$tsbO.ajp4DZFfZL0hkaQButnUNcRsXuQUdNtO7NTuSoDNO6u.Bl4.', 'Ninguna', 'PN', '2018-11-13', '2018-11-13'),
(98, 17, 'JULIANNE TAHIMI', 'CARRILLO PINZON', 'juliannecp', 'F', '2010-11-09', 3, '$2y$10$zaTmDclbwISDjTcsVMP/d.YFeQ6Vwukae1Wm6lArYSGKLVciOE9UW', 'Ninguna', 'PN', '2018-11-13', '2018-11-13'),
(99, 17, 'JUAN DAVID', 'COLINA DIAZ', 'juancd', 'M', '2010-11-09', 3, '$2y$10$baY1xCpgqVHwNarxVHPZAuio3bkn6QCMVM8AUZpRcM3qaCvkMPRA.', 'Ninguna', 'PN', '2018-11-13', '2018-11-13'),
(100, 17, 'JOSSEP ALEXANDER', 'CUERVO ALVARADO', 'jossepca', 'M', '2010-11-09', 3, '$2y$10$qrdQPDmprIDqgsXGXflTGuYfW8DFGoVDp8ADvy7gsWMImxWwcur9q', 'Ninguna', 'PN', '2018-11-13', '2018-11-13'),
(101, 17, 'MARLON ESTIBEN', 'ESCUDERO CASTILLO', 'marlonec', 'M', '2010-11-09', 3, '$2y$10$8s.GrLi4Jm7Ku5c7jhfmQOmdH9WdzcbIkrV9jUuUfIypztJRnhKiS', 'Ninguna', 'PN', '2018-11-13', '2018-11-13'),
(102, 17, 'YERSON STICK', 'ESLAVA ACEVEDO', 'yersonea', 'M', '2010-11-09', 3, '$2y$10$TEv0PqOzbqS62UQj3wgaFe1vz/0EWtM6EXaZpZpzuzomgiHCMr9ZC', 'Ninguna', 'PN', '2018-11-13', '2018-11-13'),
(103, 17, 'KENDRY', 'FAJARDO PEREZ', 'kendryfp', 'M', '2010-11-09', 3, '$2y$10$SjQMhR9z5R7..ltliGBeR.ExPPmUcBJQNfpYia9dKbSy33LkzLc0W', 'Ninguna', 'PN', '2018-11-13', '2018-11-13'),
(104, 17, 'NICOLL ALEJANDRA', 'FUENTES CRISPIN', 'nicollfc', 'F', '2010-11-09', 3, '$2y$10$AUju/AtWnNB3umn6HI/RiebiZVzyZdujCrbGajij7Mp/CaRMrYBfC', 'Ninguna', 'PN', '2018-11-13', '2018-11-13'),
(105, 17, 'TALIANA ALEJANDRA', 'GAMBOA PARADA', 'talianagp', 'F', '2010-11-09', 3, '$2y$10$CTQQTso0CWnJkEw21YL6lujQkX.hKHAcnd8ZCWKYGfLXxYP.5JZYm', 'Ninguna', 'PN', '2018-11-13', '2018-11-13'),
(106, 17, 'MARIO STEVAN', 'GARCES HERNANDEZ', 'mariogh', 'M', '2010-11-09', 3, '$2y$10$4PDNWVNibSMPd1bCroTYtOZvoAgBfH1/r5bDkUjzb0uHZNwvkHDXi', 'Ninguna', 'PN', '2018-11-13', '2018-11-13'),
(107, 17, 'ANGELO ANTOINE', 'GOUVENIA NAVARRO', 'angelogn', 'M', '2010-11-09', 3, '$2y$10$lWArHjdi7jIM/FlC0I0vtu2rYRgLS5KA5pPm0WERDLWtlYWYxAi42', 'Ninguna', 'PN', '2018-11-13', '2018-11-13'),
(108, 17, 'DEYMAR MIGUEL', 'HERNANDEZ PATIÑO', 'deymarhp', 'M', '2010-11-09', 3, '$2y$10$W1DiGRxxk4wybQUZTlRCo.WB4Is0uuxFlVm5bD1hOoL4sEMbBxSvK', 'Ninguna', 'PN', '2018-11-13', '2018-11-13'),
(109, 17, 'ISMAEL ETIWARD', 'HURTADO CIFUENTES', 'ismaelhc', 'M', '2010-11-09', 3, '$2y$10$/YGIYaXdsYBZSHwsKk/UnuiwwCsgRx/ZyciBflrIy1gndqNR4Mb.u', 'Ninguna', 'PN', '2018-11-13', '2018-11-13'),
(110, 17, 'JUAN DIEGO', 'HEREDIA VASQUEZ', 'juanhv', 'M', '2010-11-09', 3, '$2y$10$.KTM9nmIH0PDYm8JFQDvDOgCXKUviFRfIxbi.M1x9eeTln9R6v8Bi', 'Ninguna', 'PN', '2018-11-13', '2018-11-13'),
(111, 17, 'LAURYS GABRIELA', 'INFANTE CAMARGO', 'laurysic', 'F', '2010-11-09', 3, '$2y$10$UMIHO4VVSlm3AnY8j0d7SOrCeRzBdCMmWgW3EyiIOGQxLZvoCvGZe', 'Ninguna', 'PN', '2018-11-13', '2018-11-13'),
(112, 17, 'DANNA KARIME', 'LUNA MEDINA', 'dannalm', 'F', '2010-11-09', 3, '$2y$10$Zi/G3/z4km1Kh0irUVoWA.RqywNUcyVF3qZmnhbPjGAVLRLqqk1mu', 'Ninguna', 'PN', '2018-11-13', '2018-11-13'),
(113, 17, 'DAVID ALEJANDRO', 'MARTINEZ GOMEZ', 'davidmg', 'M', '2010-11-09', 3, '$2y$10$fLJAmlRJKfTV/2PbVnzBVuelcvRQNP1BS9kAB7GL6Qv/awQ3MlY/W', 'Ninguna', 'PN', '2018-11-13', '2018-11-13'),
(114, 17, 'ISABEL SOFIA', 'MENDOZA QUIROZ', 'isabelmq', 'F', '2010-11-10', 3, '$2y$10$fXBQnSHqqZy9HVxZwpexUu5VuLBxUNWjzhCzdhAZt6iI1plVQrE4q', 'Ninguna', 'PN', '2018-11-13', '2018-11-13'),
(115, 17, 'JOSE ALEXANDER', 'MORENO LIZARAZO', 'joseml', 'M', '2010-11-11', 3, '$2y$10$TFmXQEM9xp9YwqHK22ooD.0uEDM8AmHVsJ3so1sfPfmgQ5Mcujd3e', 'Ninguna', 'PN', '2018-11-13', '2018-11-13'),
(116, 17, 'DARSY MICHELL', 'NINO PITA', 'darsynp', 'F', '2010-11-11', 3, '$2y$10$ihWuP4jjF/5KFGZZNfLry.iUd4nvgDmzcuTF1Shxr6VNzqY760J.a', 'Ninguna', 'PN', '2018-11-13', '2018-11-13'),
(117, 17, 'MARIANA FERNANDA', 'PUERTO MORENO', 'marianapm', 'F', '2010-11-09', 3, '$2y$10$Tf7CIByIZ1GdgjItO0Yw2.WDjd8gqsg14DSXoVi6kxLFydPn7pzFe', 'Ninguna', 'PN', '2018-11-13', '2018-11-13'),
(118, 17, 'JHOINER SNEIFER', 'QUIÑONEZ CONTRERAS', 'jhoinerqc', 'M', '2010-11-09', 3, '$2y$10$JR1q8LDo.aABQ82ZFi1elOAsX7DWCQpZQaB4KLwF8Vx1cMnVz3Qse', 'Ninguna', 'PN', '2018-11-13', '2018-11-13'),
(119, 17, 'ANDRES FELIPE', 'REY CASADIEGOS', 'andresrc', 'M', '2010-11-10', 3, '$2y$10$kI/Shq5ghdvCO8WfaaxEDe7GY9lgj1RweXjN4r.hUmkrsL7qv8L2S', 'Ninguna', 'PN', '2018-11-13', '2018-11-13'),
(120, 17, 'SHARICK NICOLLE', 'RINCON GRANADOS', 'sharickrg', 'F', '2010-11-18', 3, '$2y$10$CrNPypQ28zzN33ybnhYcVO.5hlD0TxcBVBDdGMt3NiGDx11IbWEti', 'Ninguna', 'PN', '2018-11-13', '2018-11-13'),
(121, 17, 'ASHYLN DANITZA', 'SEQUEDA FLOREZ', 'ashylnsf', 'F', '2010-11-10', 3, '$2y$10$vBFZDtt8FP3hL1KRFY5fkuWeoGrGOYA.WG3VkHOao.HaJK.eBX44C', 'Ninguna', 'PN', '2018-11-13', '2018-11-13'),
(122, 17, 'VALERY ALEJANDRA', 'SIERRA BECERRA', 'valerysb', 'F', '2010-11-17', 3, '$2y$10$qDrdG5ZsxN5yTuVPL/8L6Oz.LQvAGhSLSj0bCaL3Ugj/qc184IgNu', 'Ninguna', 'PN', '2018-11-13', '2018-11-13'),
(123, 17, 'JHOSBI FARID', 'SIERRA LEON', 'jhosbisl', 'M', '2010-11-09', 3, '$2y$10$qYDu.lT4CxZbr20LE/CRnuxi405yHYZqD5Gon67AMIem02x4q.bxy', 'Ninguna', 'PN', '2018-11-13', '2018-11-13'),
(124, 17, 'DEIVER JOSUE', 'TARAZONA VILLAMIZAR', 'deivertv', 'M', '2010-11-08', 3, '$2y$10$MjG2n54./CJ6oSnjr3LddOVHFEh6nBsBIHGFZcHi7TVLz78sZ66z.', 'Ninguna', 'PN', '2018-11-13', '2018-11-13'),
(125, 17, 'GREYSA SHIRLEY', 'TRIANA ORTIZ', 'greysato', 'M', '2010-11-07', 3, '$2y$10$yitLA6xeScUXnk4w7lRXuucSgPz/5dny0BRROcwObvcgK8.YsTVvS', 'Ninguna', 'PN', '2018-11-13', '2018-11-13'),
(126, 17, 'JESUS DAVID', 'PACHECO PEÑALOZA', 'jesuspp', 'M', '2010-11-09', 3, '$2y$10$NkQBILGWgfegAxGzjo6Pa.gGeKPts2iwoQQAnI9riAFbXgm4mkOYy', 'Ninguna', 'PN', '2018-11-13', '2018-11-13'),
(127, 18, 'Jhonatan', 'Mejia', 'jhonatanm', 'M', '2016-05-25', 2, '$2y$10$flh7kyNEH8IBiBjwKKUQnuIhNRFgU/lOJbj5sAehk2vq.puLLHWqG', 'fisica', 'PF', '2019-05-15', '2019-05-15'),
(128, 18, 'Alejandro', 'Mendoza', 'alejandrom', 'M', '2010-05-25', 3, '$2y$10$MhyfuJargKLKTH8cU295E.L64bFW5pATM4zOS4n42iVL7aev2o7xC', 'Ninguna', 'PF', '2019-05-15', '2019-05-15'),
(129, 19, 'pepito', 'perez', 'pepitop', 'M', '2011-05-26', 2, '$2y$10$YsZd4Okbzx2j806C1oQ26eHC6Kn6THAONPrJOWVLCUohCXRRDt1Ru', 'hola', 'PF', '2019-05-16', '2019-05-16'),
(130, 20, 'pepe', 'p', 'pepep', 'M', '2019-05-01', 3, '$2y$10$EtP1iV710UQtiq2ymwAPK.DGvERJCM0OY87bst0HQFfco6fo3tf4q', 'Ninguna', 'PF', '2019-05-16', '2019-05-16'),
(131, 20, 'paco', 's', 'pacos', 'M', '2019-05-08', 3, '$2y$10$i423y9ICNCY0huPxwXqNcOlDA5RLmJsj7ZBmi1wzapRLUXdT1z7AS', 'Ninguna', 'CP', '2019-05-16', '2019-05-16'),
(132, 20, 'madb', 'dig', 'madbd', 'F', '2019-05-09', 2, '$2y$10$CQlJj7eANvL8umVHIBGsQuQGSrlkpdoncG.yKmCiyQ4ohjUwffy4W', 'Ninguna', 'PF', '2019-05-16', '2019-05-16');

-- --------------------------------------------------------

--
-- Estructura de tabla para la tabla `evidencia_actividad`
--

CREATE TABLE `evidencia_actividad` (
  `prueba_id` int(11) NOT NULL,
  `actividad_id` int(11) NOT NULL,
  `ruta_evidencia` varchar(255) COLLATE utf8_unicode_ci DEFAULT NULL,
  `objetivo` varchar(150) COLLATE utf8_unicode_ci DEFAULT NULL
) ENGINE=InnoDB DEFAULT CHARSET=utf8 COLLATE=utf8_unicode_ci;

--
-- Volcado de datos para la tabla `evidencia_actividad`
--

INSERT INTO `evidencia_actividad` (`prueba_id`, `actividad_id`, `ruta_evidencia`, `objetivo`) VALUES
(1, 3, 'public/uploads/usuarios/estudiantes/evidencias/e2_p1_2018-06-12_5b207e79637cf.jpg', 'Dibujar el número NUEVE'),
(2, 4, 'public/uploads/usuarios/estudiantes/evidencias/e7_p2_2018-06-15_5b23e71d65f50.jpg', 'Dibujar el número CINCO'),
(3, 2, NULL, NULL),
(4, 5, 'public/uploads/usuarios/estudiantes/evidencias/e5_p4_2018-06-15_5b23e77f2fee4.jpg', 'Dibujar el número SIETE'),
(5, 3, 'public/uploads/usuarios/estudiantes/evidencias/e4_p5_2018-06-15_5b23e763d9991.jpg', 'Dibujar el número NUEVE'),
(6, 3, 'public/uploads/usuarios/estudiantes/evidencias/e8_p6_2018-06-15_5b23e7959108a.jpg', 'Dibujar el número NUEVE'),
(7, 3, 'public/uploads/usuarios/estudiantes/evidencias/e3_p7_2018-06-15_5b23e829aac3f.jpg', 'Dibujar el número NUEVE'),
(8, 5, 'public/uploads/usuarios/estudiantes/evidencias/e9_p8_2018-06-15_5b2457bb86b0e.jpg', 'Dibujar el número SIETE'),
(9, 3, 'public/uploads/usuarios/estudiantes/evidencias/e11_p9_2018-06-17_5b26fa4b85f7b.jpg', 'Dibujar el número NUEVE'),
(10, 2, 'public/uploads/usuarios/estudiantes/evidencias/e10_p10_2018-06-17_5b26fbf0f2ce1.jpg', 'Dibujar el número CUATRO'),
(11, 3, 'public/uploads/usuarios/estudiantes/evidencias/e12_p11_2018-06-17_5b26fe3579abe.jpg', 'Dibujar el número NUEVE'),
(12, 3, 'public/uploads/usuarios/estudiantes/evidencias/e13_p12_2018-06-17_5b26ffe0114a2.jpg', 'Dibujar el número NUEVE'),
(13, 3, 'public/uploads/usuarios/estudiantes/evidencias/e14_p13_2018-06-18_5b27b11b338b9.jpg', 'Dibujar el número NUEVE'),
(14, 3, 'public/uploads/usuarios/estudiantes/evidencias/e21_p14_2018-06-18_5b27b15315e14.jpg', 'Dibujar el número NUEVE'),
(15, 3, 'public/uploads/usuarios/estudiantes/evidencias/e19_p15_2018-06-18_5b27b13910014.jpg', 'Dibujar el número NUEVE'),
(16, 5, 'public/uploads/usuarios/estudiantes/evidencias/e17_p16_2018-06-18_5b27b13c2a2f4.jpg', 'Dibujar el número SIETE'),
(17, 2, 'public/uploads/usuarios/estudiantes/evidencias/e18_p17_2018-06-18_5b27b12442ae7.jpg', 'Dibujar el número CUATRO'),
(18, 2, 'public/uploads/usuarios/estudiantes/evidencias/e16_p18_2018-06-18_5b27b15e6a821.jpg', 'Dibujar el número CUATRO'),
(19, 4, 'public/uploads/usuarios/estudiantes/evidencias/e20_p19_2018-06-18_5b27b1d639b63.jpg', 'Dibujar el número CINCO'),
(20, 4, 'public/uploads/usuarios/estudiantes/evidencias/e22_p20_2018-06-18_5b27b1413334e.jpg', 'Dibujar el número CINCO'),
(21, 4, 'public/uploads/usuarios/estudiantes/evidencias/e15_p21_2018-06-18_5b27b118e99a8.jpg', 'Dibujar el número CINCO'),
(22, 4, 'public/uploads/usuarios/estudiantes/evidencias/e23_p22_2018-06-18_5b280e64dcfee.jpg', 'Dibujar el número CINCO'),
(23, 4, 'public/uploads/usuarios/estudiantes/evidencias/e24_p23_2018-07-05_5b3e28bc74a65.jpg', 'Dibujar el número CINCO'),
(25, 2, 'public/uploads/usuarios/estudiantes/evidencias/e32_p25_2018-08-13_5b7142932940a.jpg', 'Dibujar el número CUATRO'),
(26, 1, 'public/uploads/usuarios/estudiantes/evidencias/e33_p26_2018-08-13_5b714418efe71.jpg', 'Dibujar el número DOS'),
(27, 61, 'public/uploads/usuarios/estudiantes/evidencias/e34_p27_2018-08-17_5b76e790a5931.jpg', 'Dibujar el número DOS'),
(28, 61, 'public/uploads/usuarios/estudiantes/evidencias/e35_p28_2018-08-22_5b7d7442c0b69.jpg', 'Dibujar el número DOS'),
(29, 61, 'public/uploads/usuarios/estudiantes/evidencias/e36_p29_2018-08-22_5b7d7a8898c57.jpg', 'Dibujar el número DOS'),
(30, 61, 'public/uploads/usuarios/estudiantes/evidencias/e37_p30_2018-08-22_5b7d7e6916208.jpg', 'Dibujar el número DOS'),
(31, 61, 'public/uploads/usuarios/estudiantes/evidencias/e38_p31_2018-08-23_5b7ec253b621a.jpg', 'Dibujar el número DOS'),
(32, 61, 'public/uploads/usuarios/estudiantes/evidencias/e39_p32_2018-08-30_5b8809d46470f.jpg', 'Dibujar el número DOS'),
(33, 61, 'public/uploads/usuarios/estudiantes/evidencias/e40_p33_2018-08-30_5b880c55a4b96.jpg', 'Dibujar el número DOS'),
(34, 61, 'public/uploads/usuarios/estudiantes/evidencias/e41_p34_2018-08-30_5b880e1b19cd7.jpg', 'Dibujar el número DOS'),
(40, 61, 'public/uploads/usuarios/estudiantes/evidencias/e43_p40_2018-08-30_5b8839f880350.jpg', 'Dibujar el número DOS'),
(41, 61, 'public/uploads/usuarios/estudiantes/evidencias/e44_p41_2018-08-30_5b883b69bd7eb.jpg', 'Dibujar el número DOS'),
(51, 2, 'public/uploads/usuarios/estudiantes/evidencias/e49_p51_2018-09-10_5b96d9fbf2eb4.jpg', 'Dibujar el número CUATRO'),
(53, 2, 'public/uploads/usuarios/estudiantes/evidencias/e50_p53_2018-09-14_5b9bd3fe371c8.jpg', 'Dibujar el número CUATRO'),
(55, 59, 'public/uploads/usuarios/estudiantes/evidencias/e51_p55_2018-09-18_5ba0ed65de12d.jpg', 'Dibujar el número DOSCIENTOS CUARENTA Y CINCO'),
(56, 126, 'public/uploads/usuarios/estudiantes/evidencias/e52_p56_2018-09-19_5ba219c819ada.jpg', 'Dibujar el número SIETE MIL CUATROCIENTOS TREINTA Y DOS'),
(57, 61, 'public/uploads/usuarios/estudiantes/evidencias/e48_p57_2018-09-25_5baa485ae71ff.jpg', 'Dibujar el número SEISCIENTOS CINCUENTA Y UNO'),
(58, 126, 'public/uploads/usuarios/estudiantes/evidencias/e42_p58_2018-09-25_5baa4a99bc018.jpg', 'Dibujar el número QUINIENTOS MIL TRESCIENTOS CUATRO'),
(59, 126, 'public/uploads/usuarios/estudiantes/evidencias/e54_p59_2018-10-03_5bb4cb77a6126.jpg', 'Dibujar el número CIENTO CUARENTA MIL DOSCIENTOS'),
(60, 3, 'public/uploads/usuarios/estudiantes/evidencias/e1_p60_2018-10-10_5bbe1fb39f28d.jpg', 'Dibujar el número NUEVE'),
(61, 61, 'public/uploads/usuarios/estudiantes/evidencias/e55_p61_2018-10-19_5bca5872a7cd9.jpg', 'Dibujar el número TRESCIENTOS OCHENTA Y TRES'),
(62, 59, 'public/uploads/usuarios/estudiantes/evidencias/e59_p62_2018-10-22_5bce7981ba3da.jpg', 'Dibujar el número CIENTO SESENTA Y SEIS'),
(63, 59, 'public/uploads/usuarios/estudiantes/evidencias/e58_p63_2018-10-22_5bce79a7dad68.jpg', 'Dibujar el número SEISCIENTOS CINCUENTA Y UNO'),
(64, 126, 'public/uploads/usuarios/estudiantes/evidencias/e60_p64_2018-10-22_5bce7f2b1b377.jpg', 'Dibujar el número CIENTO CUARENTA MIL DOSCIENTOS'),
(65, 126, 'public/uploads/usuarios/estudiantes/evidencias/e61_p65_2018-10-22_5bce81a800faf.jpg', 'Dibujar el número TRES MIL DOSCIENTOS UNO'),
(66, 1, 'public/uploads/usuarios/estudiantes/evidencias/e62_p66_2018-10-23_5bcf92920cf3e.jpg', 'Dibujar el número DOS'),
(67, 3, 'public/uploads/usuarios/estudiantes/evidencias/e57_p67_2018-10-23_5bcf97807ef6e.jpg', 'Dibujar el número NUEVE'),
(68, 126, 'public/uploads/usuarios/estudiantes/evidencias/e56_p68_2018-10-27_5bd49d929490c.jpg', 'Dibujar el número TRES MIL DOSCIENTOS UNO'),
(69, 61, 'public/uploads/usuarios/estudiantes/evidencias/e63_p69_2018-10-27_5bd4a1708a28d.jpg', 'Dibujar el número OCHOCIENTOS TREINTA Y DOS'),
(70, 59, 'public/uploads/usuarios/estudiantes/evidencias/e127_p70_2019-05-15_5cdc94c6bb089.jpg', 'Dibujar el número QUINIENTOS VEINTIDÓS'),
(71, 126, 'public/uploads/usuarios/estudiantes/evidencias/e128_p71_2019-05-15_5cdc984c00b02.jpg', 'Dibujar el número SEISCIENTOS MIL NOVENTA Y NUEVE'),
(72, 59, 'public/uploads/usuarios/estudiantes/evidencias/e129_p72_2019-05-16_5cdd784b018f6.jpg', 'Dibujar el número SEISCIENTOS CINCUENTA Y UNO'),
(73, 126, 'public/uploads/usuarios/estudiantes/evidencias/e130_p73_2019-05-16_5cdd7d974a164.jpg', 'Dibujar el número SETENTA MIL NOVECIENTOS'),
(74, 126, 'public/uploads/usuarios/estudiantes/evidencias/e131_p74_2019-05-16_5cdd7e8074aba.jpg', 'Dibujar el número SEISCIENTOS MIL NOVENTA Y NUEVE'),
(75, 59, 'public/uploads/usuarios/estudiantes/evidencias/e132_p75_2019-05-16_5cdd7f59ccd44.jpg', 'Dibujar el número QUINIENTOS VEINTIDÓS');

-- --------------------------------------------------------

--
-- Estructura de tabla para la tabla `grado`
--

CREATE TABLE `grado` (
  `grado_id` int(11) NOT NULL,
  `nombre` varchar(20) COLLATE utf8_unicode_ci NOT NULL
) ENGINE=InnoDB DEFAULT CHARSET=utf8 COLLATE=utf8_unicode_ci;

--
-- Volcado de datos para la tabla `grado`
--

INSERT INTO `grado` (`grado_id`, `nombre`) VALUES
(1, 'Primero'),
(2, 'Segundo'),
(3, 'Tercero');

-- --------------------------------------------------------

--
-- Estructura de tabla para la tabla `habilidad`
--

CREATE TABLE `habilidad` (
  `habilidad_id` int(11) NOT NULL,
  `nombre` varchar(255) COLLATE utf8_unicode_ci NOT NULL,
  `es_funcion` tinyint(4) NOT NULL DEFAULT '0'
) ENGINE=InnoDB DEFAULT CHARSET=utf8 COLLATE=utf8_unicode_ci;

--
-- Volcado de datos para la tabla `habilidad`
--

INSERT INTO `habilidad` (`habilidad_id`, `nombre`, `es_funcion`) VALUES
(1, 'Razonamiento numérico', 0),
(2, 'Razonamiento lógico', 0),
(3, 'Razonamiento espacial', 0),
(4, 'Razonamiento visual', 0),
(5, 'Razonamiento temporal', 0),
(6, 'Atención', 0),
(7, 'Memoria de trabajo', 1),
(8, 'Memoria de trabajo verbal', 1),
(9, 'Memoria de trabajo viso-espacial', 1),
(10, 'Inhibición', 1),
(11, 'Flexibilidad', 1),
(12, 'Planificación', 1);

-- --------------------------------------------------------

--
-- Estructura de tabla para la tabla `institucion`
--

CREATE TABLE `institucion` (
  `institucion_id` int(11) NOT NULL,
  `nombre` varchar(255) COLLATE utf8_unicode_ci NOT NULL,
  `departamento` int(11) NOT NULL,
  `ciudad` int(11) NOT NULL
) ENGINE=InnoDB DEFAULT CHARSET=utf8 COLLATE=utf8_unicode_ci;

--
-- Volcado de datos para la tabla `institucion`
--

INSERT INTO `institucion` (`institucion_id`, `nombre`, `departamento`, `ciudad`) VALUES
(0, 'Otra institución', 6, 8),
(1, 'Universidad Nacional de Colombia', 6, 8),
(2, 'ASPAEN Gimnasio Los Cerezos', 6, 8),
(3, 'Institución Educativa Normal Superior de Caldas', 6, 8),
(4, 'Escuela Nacional de Enfermería', 6, 8),
(5, 'Institución Educativa INEM Baldomero Sanin Cano', 6, 8);

-- --------------------------------------------------------

--
-- Estructura de tabla para la tabla `nivel`
--

CREATE TABLE `nivel` (
  `nivel_id` int(11) NOT NULL,
  `nombre` varchar(255) COLLATE utf8_unicode_ci NOT NULL,
  `cant_actividades` int(11) NOT NULL,
  `cant_actividades_man` int(11) NOT NULL
) ENGINE=InnoDB DEFAULT CHARSET=utf8 COLLATE=utf8_unicode_ci;

--
-- Volcado de datos para la tabla `nivel`
--

INSERT INTO `nivel` (`nivel_id`, `nombre`, `cant_actividades`, `cant_actividades_man`) VALUES
(1, 'Espacial', 4, 1),
(2, 'Temporal', 5, 0),
(3, 'Simbolico', 5, 0),
(4, 'Cognitivo', 5, 0);

-- --------------------------------------------------------

--
-- Estructura de tabla para la tabla `prueba`
--

CREATE TABLE `prueba` (
  `prueba_id` int(11) NOT NULL,
  `estudiante_id` int(11) NOT NULL,
  `fecha_inicio` date NOT NULL,
  `fecha_fin` date DEFAULT NULL,
  `estado` char(1) COLLATE utf8_unicode_ci NOT NULL
) ENGINE=InnoDB DEFAULT CHARSET=utf8 COLLATE=utf8_unicode_ci;

--
-- Volcado de datos para la tabla `prueba`
--

INSERT INTO `prueba` (`prueba_id`, `estudiante_id`, `fecha_inicio`, `fecha_fin`, `estado`) VALUES
(1, 2, '2018-06-12', '2018-06-12', 'T'),
(2, 7, '2018-06-15', '2018-06-15', 'T'),
(3, 6, '2018-06-15', NULL, 'P'),
(4, 5, '2018-06-15', '2018-06-15', 'T'),
(5, 4, '2018-06-15', '2018-06-15', 'T'),
(6, 8, '2018-06-15', '2018-06-15', 'T'),
(7, 3, '2018-06-15', '2018-06-15', 'T'),
(8, 9, '2018-06-15', '2018-06-15', 'C'),
(9, 11, '2018-06-17', '2018-06-17', 'T'),
(10, 10, '2018-06-17', '2018-06-17', 'T'),
(11, 12, '2018-06-17', '2018-06-17', 'T'),
(12, 13, '2018-06-17', NULL, 'P'),
(13, 14, '2018-06-18', '2018-06-18', 'T'),
(14, 21, '2018-06-18', '2018-06-18', 'T'),
(15, 19, '2018-06-18', '2018-06-18', 'T'),
(16, 17, '2018-06-18', '2018-06-18', 'T'),
(17, 18, '2018-06-18', '2018-06-18', 'T'),
(18, 16, '2018-06-18', '2018-06-18', 'T'),
(19, 20, '2018-06-18', '2018-06-18', 'T'),
(20, 22, '2018-06-18', '2018-06-18', 'T'),
(21, 15, '2018-06-18', '2018-06-18', 'T'),
(22, 23, '2018-06-18', '2018-06-18', 'T'),
(23, 24, '2018-07-05', '2018-07-05', 'T'),
(25, 32, '2018-08-13', '2018-08-13', 'C'),
(26, 33, '2018-08-13', NULL, 'P'),
(27, 34, '2018-08-17', NULL, 'P'),
(28, 35, '2018-08-22', NULL, 'P'),
(29, 36, '2018-08-22', NULL, 'P'),
(30, 37, '2018-08-22', NULL, 'P'),
(31, 38, '2018-08-23', NULL, 'P'),
(32, 39, '2018-08-30', NULL, 'P'),
(33, 40, '2018-08-30', '2018-08-30', 'C'),
(34, 41, '2018-08-30', '2018-08-30', 'C'),
(35, 42, '2018-08-30', NULL, 'P'),
(36, 42, '2018-08-30', NULL, 'P'),
(37, 42, '2018-08-30', NULL, 'P'),
(38, 42, '2018-08-30', NULL, 'P'),
(39, 42, '2018-08-30', NULL, 'P'),
(40, 43, '2018-08-30', NULL, 'P'),
(41, 44, '2018-08-30', '2018-08-30', 'C'),
(42, 42, '2018-08-30', NULL, 'P'),
(43, 45, '2018-08-30', NULL, 'P'),
(44, 46, '2018-08-31', NULL, 'P'),
(45, 46, '2018-08-31', NULL, 'P'),
(46, 46, '2018-08-31', NULL, 'P'),
(47, 46, '2018-08-31', NULL, 'P'),
(48, 46, '2018-08-31', NULL, 'P'),
(49, 47, '2018-09-10', NULL, 'P'),
(50, 48, '2018-09-10', NULL, 'P'),
(51, 49, '2018-09-10', '2018-09-10', 'C'),
(52, 42, '2018-09-12', NULL, 'P'),
(53, 50, '2018-09-14', NULL, 'P'),
(54, 48, '2018-09-17', NULL, 'P'),
(55, 51, '2018-09-18', '2018-09-18', 'C'),
(56, 52, '2018-09-19', '2018-09-19', 'C'),
(57, 48, '2018-09-25', '2018-09-25', 'C'),
(58, 42, '2018-09-25', '2018-09-25', 'C'),
(59, 54, '2018-10-03', '2018-10-03', 'C'),
(60, 1, '2018-10-10', '2018-11-02', 'C'),
(61, 55, '2018-10-19', '2018-10-19', 'C'),
(62, 59, '2018-10-22', '2018-10-22', 'C'),
(63, 58, '2018-10-22', '2018-10-22', 'C'),
(64, 60, '2018-10-22', '2018-10-22', 'C'),
(65, 61, '2018-10-22', '2018-10-22', 'C'),
(66, 62, '2018-10-23', '2018-10-23', 'C'),
(67, 57, '2018-10-23', '2018-10-23', 'C'),
(68, 56, '2018-10-27', '2018-10-27', 'C'),
(69, 63, '2018-10-27', '2018-10-27', 'C'),
(70, 127, '2019-05-15', '2019-05-15', 'C'),
(71, 128, '2019-05-15', '2019-05-15', 'C'),
(72, 129, '2019-05-16', '2019-05-16', 'C'),
(73, 130, '2019-05-16', '2019-05-16', 'C'),
(74, 131, '2019-05-16', '2019-05-16', 'T'),
(75, 132, '2019-05-16', '2019-05-16', 'C');

-- --------------------------------------------------------

--
-- Estructura de tabla para la tabla `prueba_actividad`
--

CREATE TABLE `prueba_actividad` (
  `prueba_id` int(11) NOT NULL,
  `actividad_id` int(11) NOT NULL,
  `orden` int(11) NOT NULL,
  `puntaje_porcentual` float NOT NULL DEFAULT '-1',
  `tiempo_segundos` int(11) DEFAULT NULL
) ENGINE=InnoDB DEFAULT CHARSET=utf8 COLLATE=utf8_unicode_ci;

--
-- Volcado de datos para la tabla `prueba_actividad`
--

INSERT INTO `prueba_actividad` (`prueba_id`, `actividad_id`, `orden`, `puntaje_porcentual`, `tiempo_segundos`) VALUES
(1, 3, 1, -1, 13),
(1, 25, 2, 1, 34),
(1, 29, 4, 1, 15),
(1, 30, 3, 0.5, 18),
(1, 31, 5, 1, 7),
(1, 32, 6, 1, 11),
(1, 34, 9, 1, 13),
(1, 37, 8, 1, 25),
(1, 39, 7, 1, 6),
(1, 40, 10, 1, 6),
(1, 41, 14, 1, 8),
(1, 42, 12, 1, 13),
(1, 43, 13, 1, 9),
(1, 44, 15, 1, 9),
(1, 45, 11, 1, 12),
(1, 46, 19, 1, 7),
(1, 48, 18, 1, 4),
(1, 50, 16, 1, 5),
(1, 54, 17, 1, 3),
(2, 4, 1, -1, 8),
(2, 11, 2, 1, 5),
(2, 16, 3, 1, 4),
(2, 18, 5, 1, 7),
(2, 30, 4, 1, 26),
(2, 32, 8, 1, 10),
(2, 33, 9, 1, 9),
(2, 36, 7, 1, 13),
(2, 39, 10, 1, 3),
(2, 40, 6, 1, 22),
(2, 41, 15, 1, 4),
(2, 42, 14, 1, 5),
(2, 43, 11, 1, 14),
(2, 44, 12, 1, 10),
(2, 45, 13, 1, 3),
(2, 46, 19, 1, 3),
(2, 47, 16, 1, 10),
(2, 48, 20, 1, 12),
(2, 52, 18, 1, 1),
(2, 54, 17, 1, 3),
(3, 2, 1, -1, NULL),
(3, 14, 3, -1, NULL),
(3, 19, 5, -1, NULL),
(3, 22, 2, -1, NULL),
(3, 24, 4, -1, NULL),
(3, 36, 9, -1, NULL),
(3, 37, 8, -1, NULL),
(3, 38, 6, -1, NULL),
(3, 39, 7, -1, NULL),
(3, 40, 10, -1, NULL),
(3, 41, 11, -1, NULL),
(3, 42, 13, -1, NULL),
(3, 43, 12, -1, NULL),
(3, 44, 15, -1, NULL),
(3, 45, 14, -1, NULL),
(3, 49, 17, -1, NULL),
(3, 51, 18, -1, NULL),
(3, 53, 20, -1, NULL),
(3, 54, 19, -1, NULL),
(3, 55, 16, -1, NULL),
(4, 5, 1, -1, 14),
(4, 14, 2, 1, 27),
(4, 25, 4, 1, 17),
(4, 26, 3, 1, 16),
(4, 27, 5, 1, 10),
(4, 35, 7, 1, 50),
(4, 36, 8, 1, 113),
(4, 37, 10, 1, 66),
(4, 39, 9, 1, 8),
(4, 40, 6, 1, 7),
(4, 41, 14, 1, 6),
(4, 42, 15, 1, 6),
(4, 43, 12, 1, 13),
(4, 44, 13, 1, 30),
(4, 45, 11, 1, 32),
(4, 46, 18, 0, 5),
(4, 50, 17, 1, 8),
(4, 51, 16, 1, 77),
(4, 52, 19, 1, 7),
(4, 54, 20, 1, 1),
(5, 3, 1, -1, 35),
(5, 12, 3, 0.25, 13),
(5, 22, 2, 0.5, 15),
(5, 25, 4, 1, 13),
(5, 29, 5, 1, 12),
(5, 33, 7, 1, 7),
(5, 35, 8, 1, 15),
(5, 36, 10, 0.33, 105),
(5, 37, 6, 1, 19),
(5, 40, 9, 1, 23),
(5, 41, 11, 1, 6),
(5, 42, 12, 1, 11),
(5, 43, 15, 1, 20),
(5, 44, 14, 1, 5),
(5, 45, 13, 1, 17),
(5, 46, 20, 1, 129),
(5, 47, 17, 1, 36),
(5, 49, 18, 1, 91),
(5, 50, 19, 1, 11),
(5, 52, 16, 1, 3),
(6, 3, 1, -1, 36),
(6, 10, 4, 1, 3),
(6, 19, 3, 1, 8),
(6, 21, 5, 1, 12),
(6, 26, 2, 1, 20),
(6, 32, 6, 1, 10),
(6, 34, 8, 1, 9),
(6, 35, 7, 1, 29),
(6, 36, 9, 1, 34),
(6, 37, 10, 1, 19),
(6, 41, 14, 1, 12),
(6, 42, 13, 1, 6),
(6, 43, 15, 1, 7),
(6, 44, 12, 1, 3),
(6, 45, 11, 1, 4),
(6, 46, 18, 1, 4),
(6, 51, 20, 1, 3),
(6, 52, 16, 1, 2),
(6, 53, 17, 1, 1),
(6, 54, 19, 1, 5),
(7, 3, 1, -1, 10),
(7, 6, 2, 1, 4),
(7, 11, 4, 1, 3),
(7, 22, 5, 0.5, 13),
(7, 23, 3, 1, 8),
(7, 32, 8, 1, 9),
(7, 35, 6, 1, 8),
(7, 36, 9, 0.33, 13),
(7, 38, 7, 0, 35),
(7, 40, 10, 1, 12),
(7, 41, 14, 1, 8),
(7, 42, 12, 1, 5),
(7, 43, 13, 1, 5),
(7, 44, 11, 1, 5),
(7, 45, 15, 1, 8),
(7, 49, 19, 1, 8),
(7, 50, 17, 1, 2),
(7, 51, 20, 1, 3),
(7, 53, 18, 1, 2),
(7, 54, 16, 1, 7),
(8, 5, 1, 0.8, 14),
(8, 6, 4, 1, 9),
(8, 8, 5, 0.75, 59),
(8, 9, 3, 0, 7),
(8, 23, 2, 1, 36),
(8, 32, 8, 1, 16),
(8, 33, 7, 1, 15),
(8, 34, 10, 1, 10),
(8, 35, 9, 1, 27),
(8, 37, 6, 1, 25),
(8, 41, 13, 1, 9),
(8, 42, 11, 1, 9),
(8, 43, 14, 1, 12),
(8, 44, 12, 1, 18),
(8, 45, 15, 1, 28),
(8, 46, 20, 0, 7),
(8, 48, 16, 1, 5),
(8, 49, 17, 1, 4),
(8, 50, 19, 1, 5),
(8, 53, 18, 1, 4),
(9, 3, 1, -1, 3),
(9, 8, 3, 1, 27),
(9, 14, 5, 1, 14),
(9, 15, 2, 1, 3),
(9, 20, 4, 1, 19),
(9, 32, 6, 1, 10),
(9, 33, 7, 1, 8),
(9, 34, 8, 1, 8),
(9, 37, 10, 1, 21),
(9, 38, 9, 0.33, 21),
(9, 41, 15, 1, 2),
(9, 42, 14, 1, 6),
(9, 43, 11, 1, 4),
(9, 44, 12, 1, 3),
(9, 45, 13, 1, 2),
(9, 46, 20, 1, 3),
(9, 48, 19, 1, 2),
(9, 51, 17, 1, 8),
(9, 53, 18, 1, 2),
(9, 55, 16, 1, 3),
(10, 2, 1, -1, 6),
(10, 10, 3, 1, 11),
(10, 12, 2, 1, 11),
(10, 18, 5, 1, 4),
(10, 25, 4, 1, 10),
(10, 32, 9, 1, 12),
(10, 33, 7, 1, 8),
(10, 36, 8, 1, 16),
(10, 38, 6, 1, 20),
(10, 39, 10, 1, 5),
(10, 41, 13, 1, 13),
(10, 42, 12, 1, 5),
(10, 43, 15, 1, 5),
(10, 44, 14, 1, 4),
(10, 45, 11, 1, 4),
(10, 47, 19, 1, 69),
(10, 48, 20, 1, 7),
(10, 50, 17, 1, 2),
(10, 52, 16, 1, 2),
(10, 55, 18, 1, 2),
(11, 3, 1, -1, 8),
(11, 10, 3, 1, 15),
(11, 17, 4, 1, 7),
(11, 19, 2, 1, 17),
(11, 24, 5, 1, 22),
(11, 34, 8, -1, NULL),
(11, 36, 7, -1, NULL),
(11, 37, 9, -1, NULL),
(11, 39, 10, -1, NULL),
(11, 40, 6, 1, 0),
(11, 41, 14, 1, 3),
(11, 42, 15, 1, 5),
(11, 43, 13, 1, 5),
(11, 44, 11, 1, 62),
(11, 45, 12, 1, 3),
(11, 46, 17, 1, 8),
(11, 49, 20, 1, 10),
(11, 52, 19, 1, 6),
(11, 53, 16, 1, 8),
(11, 55, 18, 1, 14),
(12, 3, 1, -1, 3),
(12, 6, 5, 1, 5),
(12, 16, 4, 1, 35),
(12, 17, 2, 1, 3),
(12, 24, 3, 1, 7),
(12, 32, 6, 1, 9),
(12, 34, 8, 1, 0),
(12, 36, 7, 1, 10),
(12, 37, 10, -1, NULL),
(12, 40, 9, -1, NULL),
(12, 41, 14, -1, NULL),
(12, 42, 15, -1, NULL),
(12, 43, 12, -1, NULL),
(12, 44, 13, -1, NULL),
(12, 45, 11, -1, NULL),
(12, 46, 17, -1, NULL),
(12, 47, 20, -1, NULL),
(12, 51, 18, -1, NULL),
(12, 52, 19, -1, NULL),
(12, 55, 16, -1, NULL),
(13, 1, 2, -1, 6),
(13, 3, 1, -1, 34),
(13, 8, 3, 1, 55),
(13, 19, 5, 1, 17),
(13, 28, 4, 1, 14),
(13, 32, 10, 1, 21),
(13, 35, 9, 1, 15),
(13, 36, 6, 0.33, 33),
(13, 37, 7, 1, 29),
(13, 39, 8, 1, 8),
(13, 41, 13, 1, 8),
(13, 42, 15, 0, 11),
(13, 43, 12, 1, 12),
(13, 44, 14, 1, 19),
(13, 45, 11, 1, 22),
(13, 46, 20, 1, 10),
(13, 49, 17, 1, 7),
(13, 50, 16, 1, 6),
(13, 51, 18, 1, 3),
(13, 54, 19, 1, 6),
(14, 3, 1, -1, 34),
(14, 15, 4, 1, 8),
(14, 20, 3, 1, 28),
(14, 21, 2, 1, 31),
(14, 22, 5, 1, 34),
(14, 32, 7, 1, 15),
(14, 33, 6, 1, 21),
(14, 35, 9, 1, 24),
(14, 36, 10, 0.33, 20),
(14, 40, 8, 1, 14),
(14, 41, 13, 1, 6),
(14, 42, 14, 0, 8),
(14, 43, 12, 1, 14),
(14, 44, 15, 1, 13),
(14, 45, 11, 1, 20),
(14, 48, 18, 1, 54),
(14, 49, 19, 1, 3),
(14, 50, 16, 1, 5),
(14, 51, 20, 1, 3),
(14, 52, 17, 1, 5),
(15, 3, 1, -1, 43),
(15, 6, 4, 1, 14),
(15, 15, 5, 1, 7),
(15, 22, 2, 1, 47),
(15, 24, 3, 1, 22),
(15, 32, 8, 0.33, 15),
(15, 33, 6, 1, 18),
(15, 36, 9, 1, 31),
(15, 37, 10, 1, 32),
(15, 38, 7, 0, 74),
(15, 41, 12, 1, 11),
(15, 42, 14, 1, 19),
(15, 43, 13, 1, 47),
(15, 44, 11, 0, 32),
(15, 45, 15, 1, 21),
(15, 46, 19, 1, 22),
(15, 47, 20, 1, 43),
(15, 51, 18, 1, 7),
(15, 53, 16, 1, 5),
(15, 55, 17, 1, 4),
(16, 5, 1, -1, 27),
(16, 8, 5, 1, 86),
(16, 19, 4, 1, 23),
(16, 25, 3, 1, 18),
(16, 26, 2, 1, 38),
(16, 32, 7, 1, 15),
(16, 33, 8, 1, 13),
(16, 36, 9, 1, 0),
(16, 37, 6, 0, 53),
(16, 38, 10, 0.33, 82),
(16, 41, 13, -1, NULL),
(16, 42, 12, -1, NULL),
(16, 43, 11, 1, 0),
(16, 44, 14, 1, 0),
(16, 45, 15, -1, NULL),
(16, 48, 20, 1, 4),
(16, 49, 16, -1, NULL),
(16, 50, 17, -1, NULL),
(16, 51, 19, 1, 5),
(16, 53, 18, -1, NULL),
(17, 1, 5, -1, 14),
(17, 2, 1, -1, 44),
(17, 22, 2, 1, 36),
(17, 25, 3, 0.33, 76),
(17, 28, 4, 1, 45),
(17, 32, 10, 1, 21),
(17, 33, 9, 1, 15),
(17, 34, 8, 1, 16),
(17, 35, 6, 1, 72),
(17, 40, 7, 1, 23),
(17, 41, 12, 1, 0),
(17, 42, 13, -1, NULL),
(17, 43, 11, 1, 39),
(17, 44, 14, -1, NULL),
(17, 45, 15, -1, NULL),
(17, 46, 19, 0, 19),
(17, 47, 20, 0, 0),
(17, 52, 17, 1, 7),
(17, 53, 16, 1, 36),
(17, 55, 18, 1, 4),
(18, 2, 1, -1, 80),
(18, 7, 4, 1, 35),
(18, 18, 5, 1, 19),
(18, 27, 2, 1, 17),
(18, 28, 3, 1, 16),
(18, 32, 8, 1, 23),
(18, 34, 10, 1, 0),
(18, 35, 7, 1, 52),
(18, 36, 9, 1, 44),
(18, 37, 6, 0, 52),
(18, 41, 13, 1, 0),
(18, 42, 14, -1, NULL),
(18, 43, 11, -1, NULL),
(18, 44, 15, 1, 23),
(18, 45, 12, 1, 13),
(18, 46, 20, 1, 14),
(18, 48, 18, 1, 5),
(18, 50, 17, 1, 13),
(18, 52, 16, 1, 10),
(18, 53, 19, 1, 3),
(19, 4, 1, -1, 46),
(19, 12, 4, 1, 47),
(19, 13, 5, 1, 51),
(19, 17, 2, 1, 29),
(19, 27, 3, 1, 16),
(19, 32, 8, 0, 0),
(19, 33, 7, 1, 27),
(19, 34, 6, 1, 123),
(19, 36, 10, -1, NULL),
(19, 38, 9, -1, NULL),
(19, 41, 13, 0, 20),
(19, 42, 15, 1, 28),
(19, 43, 12, 1, 42),
(19, 44, 11, 1, 264),
(19, 45, 14, 1, 28),
(19, 48, 19, 1, 4),
(19, 49, 16, 1, 38),
(19, 51, 18, 1, 4),
(19, 52, 20, 1, 6),
(19, 53, 17, 1, 5),
(20, 4, 1, -1, 48),
(20, 8, 2, 0.25, 150),
(20, 10, 5, 1, 14),
(20, 21, 3, 1, 41),
(20, 24, 4, 1, 41),
(20, 34, 10, -1, NULL),
(20, 35, 6, 1, 24),
(20, 37, 8, -1, NULL),
(20, 38, 7, 0, 0),
(20, 39, 9, -1, NULL),
(20, 41, 11, 0, 14),
(20, 42, 13, 1, 36),
(20, 43, 14, 1, 21),
(20, 44, 12, 1, 16),
(20, 45, 15, 0, 21),
(20, 46, 17, 1, 7),
(20, 47, 16, 1, 142),
(20, 52, 20, 1, 4),
(20, 53, 18, 1, 14),
(20, 54, 19, 1, 3),
(21, 4, 1, -1, 67),
(21, 12, 5, 0.25, 6),
(21, 17, 4, 0, 31),
(21, 24, 2, 1, 25),
(21, 27, 3, 1, 21),
(21, 32, 8, 1, 15),
(21, 35, 6, 1, 23),
(21, 38, 10, 0.33, 31),
(21, 39, 9, 1, 18),
(21, 40, 7, 1, 19),
(21, 41, 14, 1, 18),
(21, 42, 15, 1, 19),
(21, 43, 11, 1, 21),
(21, 44, 13, 1, 21),
(21, 45, 12, 1, 20),
(21, 47, 17, 1, 0),
(21, 49, 20, 1, 18),
(21, 50, 18, -1, NULL),
(21, 51, 19, -1, NULL),
(21, 55, 16, 1, 18),
(22, 4, 1, -1, 9),
(22, 10, 5, 1, 2),
(22, 23, 2, 1, 44),
(22, 24, 4, 1, 7),
(22, 29, 3, 1, 4),
(22, 32, 7, 1, 7),
(22, 33, 10, 1, 12),
(22, 37, 9, 0, 21),
(22, 39, 8, 1, 2),
(22, 40, 6, 1, 4),
(22, 41, 11, 1, 3),
(22, 42, 12, 1, 5),
(22, 43, 15, 1, 3),
(22, 44, 14, 1, 3),
(22, 45, 13, 1, 4),
(22, 49, 17, 1, 2),
(22, 50, 16, 1, 2),
(22, 52, 19, 1, 2),
(22, 53, 20, 1, 1),
(22, 55, 18, 1, 1),
(23, 4, 1, -1, 51),
(23, 13, 3, 1, 16),
(23, 14, 4, 1, 34),
(23, 16, 2, 1, 9),
(23, 23, 5, 1, 8),
(23, 34, 7, 1, 25),
(23, 35, 9, 1, 13),
(23, 38, 8, 0.33, 32),
(23, 39, 6, 1, 9),
(23, 40, 10, 1, 7),
(23, 41, 11, 1, 7),
(23, 42, 13, 1, 20),
(23, 43, 15, 1, 5),
(23, 44, 14, 1, 11),
(23, 45, 12, 1, 7),
(23, 47, 16, 1, 9),
(23, 48, 20, 0, 3),
(23, 49, 19, 1, 3),
(23, 53, 17, 1, 50),
(23, 55, 18, 1, 1),
(25, 2, 1, 1, 4),
(25, 6, 3, 1, 3),
(25, 22, 4, 1, 17),
(25, 24, 2, 1, 7),
(25, 27, 5, 1, 5),
(25, 34, 6, 1, 7),
(25, 36, 9, 1, 10),
(25, 37, 10, 1, 17),
(25, 38, 8, 1, 19),
(25, 40, 7, 1, 8),
(25, 41, 14, 1, 5),
(25, 42, 12, 1, 4),
(25, 43, 13, 1, 3),
(25, 44, 15, 1, 3),
(25, 45, 11, 1, 3),
(25, 49, 17, 1, 3),
(25, 50, 19, 1, 4),
(25, 52, 16, 1, 2),
(25, 53, 20, 1, 3),
(25, 54, 18, 1, 3),
(26, 1, 1, -1, 6),
(26, 8, 2, -1, NULL),
(26, 13, 3, -1, NULL),
(26, 21, 5, -1, NULL),
(26, 26, 4, -1, NULL),
(26, 32, 9, -1, NULL),
(26, 35, 8, -1, NULL),
(26, 36, 7, -1, NULL),
(26, 38, 6, -1, NULL),
(26, 39, 10, -1, NULL),
(26, 41, 11, -1, NULL),
(26, 42, 13, -1, NULL),
(26, 43, 14, -1, NULL),
(26, 44, 12, -1, NULL),
(26, 45, 15, -1, NULL),
(26, 47, 16, -1, NULL),
(26, 49, 20, -1, NULL),
(26, 50, 17, -1, NULL),
(26, 54, 18, -1, NULL),
(26, 55, 19, -1, NULL),
(27, 61, 1, -1, 14),
(27, 63, 2, 1, 3),
(27, 70, 5, -1, NULL),
(27, 82, 3, 1, 22),
(27, 90, 4, -1, NULL),
(27, 94, 7, -1, NULL),
(27, 95, 9, -1, NULL),
(27, 98, 6, -1, NULL),
(27, 101, 8, -1, NULL),
(27, 102, 10, -1, NULL),
(27, 104, 11, -1, NULL),
(27, 105, 12, -1, NULL),
(27, 106, 13, -1, NULL),
(27, 117, 16, -1, NULL),
(27, 121, 14, -1, NULL),
(27, 124, 15, -1, NULL),
(27, 125, 17, -1, NULL),
(28, 61, 1, -1, 13),
(28, 64, 2, 0, 9),
(28, 74, 4, -1, NULL),
(28, 84, 5, -1, NULL),
(28, 86, 3, -1, NULL),
(28, 92, 10, -1, NULL),
(28, 97, 8, -1, NULL),
(28, 100, 6, -1, NULL),
(28, 101, 7, -1, NULL),
(28, 102, 9, -1, NULL),
(28, 104, 11, -1, NULL),
(28, 105, 12, -1, NULL),
(28, 109, 15, -1, NULL),
(28, 114, 17, -1, NULL),
(28, 115, 14, -1, NULL),
(28, 123, 16, -1, NULL),
(28, 124, 13, -1, NULL),
(29, 61, 1, -1, 8),
(29, 65, 2, 1, 52),
(29, 71, 4, -1, NULL),
(29, 75, 5, -1, NULL),
(29, 85, 3, -1, NULL),
(29, 92, 6, -1, NULL),
(29, 94, 10, -1, NULL),
(29, 95, 9, -1, NULL),
(29, 100, 7, -1, NULL),
(29, 102, 8, -1, NULL),
(29, 104, 12, -1, NULL),
(29, 105, 11, -1, NULL),
(29, 106, 14, -1, NULL),
(29, 115, 17, -1, NULL),
(29, 117, 16, -1, NULL),
(29, 119, 15, -1, NULL),
(29, 121, 13, -1, NULL),
(30, 61, 1, -1, 8),
(30, 64, 4, -1, NULL),
(30, 74, 2, -1, NULL),
(30, 87, 5, -1, NULL),
(30, 92, 6, -1, NULL),
(30, 95, 10, -1, NULL),
(30, 97, 8, -1, NULL),
(30, 98, 9, -1, NULL),
(30, 100, 7, -1, NULL),
(30, 104, 11, -1, NULL),
(30, 105, 12, -1, NULL),
(30, 106, 15, -1, NULL),
(30, 109, 14, -1, NULL),
(30, 110, 13, -1, NULL),
(30, 112, 16, -1, NULL),
(30, 114, 17, -1, NULL),
(30, 183, 3, -1, NULL),
(31, 61, 1, -1, 8),
(31, 70, 4, -1, NULL),
(31, 78, 3, -1, NULL),
(31, 91, 5, -1, NULL),
(31, 97, 6, -1, NULL),
(31, 98, 9, -1, NULL),
(31, 99, 7, -1, NULL),
(31, 104, 12, -1, NULL),
(31, 105, 11, -1, NULL),
(31, 116, 16, -1, NULL),
(31, 117, 17, -1, NULL),
(31, 120, 15, -1, NULL),
(31, 123, 13, -1, NULL),
(31, 125, 14, -1, NULL),
(31, 193, 2, 1, 14),
(31, 195, 8, -1, NULL),
(31, 199, 10, -1, NULL),
(32, 61, 1, -1, 9),
(32, 64, 2, 0, 5),
(32, 68, 3, 1, 3),
(32, 75, 4, 1, 27),
(32, 76, 5, 0.95, 34),
(32, 94, 6, 1, 10),
(32, 99, 9, -1, NULL),
(32, 102, 8, -1, NULL),
(32, 103, 7, -1, NULL),
(32, 104, 11, -1, NULL),
(32, 105, 12, -1, NULL),
(32, 106, 14, -1, NULL),
(32, 107, 13, -1, NULL),
(32, 108, 15, -1, NULL),
(32, 195, 10, -1, NULL),
(32, 202, 16, -1, NULL),
(32, 221, 17, -1, NULL),
(33, 61, 1, 1, 6),
(33, 66, 3, 0, 8),
(33, 75, 2, 0.22, 16),
(33, 84, 4, 1, 13),
(33, 94, 9, 1, 8),
(33, 95, 6, 1, 9),
(33, 97, 7, 1, 12),
(33, 104, 12, 1, 4),
(33, 105, 11, 1, 15),
(33, 123, 15, 1, 9),
(33, 183, 5, 1, 9),
(33, 195, 10, 1, 6),
(33, 198, 8, 1, 18),
(33, 200, 17, 1, 11),
(33, 202, 13, 1, 17),
(33, 219, 14, 1, 4),
(33, 221, 16, 0.33, 6),
(34, 61, 1, 1, 7),
(34, 87, 5, 1, 11),
(34, 92, 10, 1, 5),
(34, 94, 6, 1, 7),
(34, 99, 7, 1, 8),
(34, 102, 8, 0.99, 7),
(34, 104, 11, 1, 3),
(34, 105, 12, 1, 12),
(34, 107, 13, 1, 18),
(34, 108, 14, 1, 19),
(34, 110, 17, 1, 5),
(34, 125, 16, 0.33, 7),
(34, 183, 4, 1, 8),
(34, 193, 2, 1, 13),
(34, 198, 9, 1, 20),
(34, 218, 3, 0, 12),
(34, 219, 15, 1, 4),
(35, 139, 4, -1, NULL),
(35, 143, 3, -1, NULL),
(35, 152, 5, -1, NULL),
(35, 162, 9, -1, NULL),
(35, 165, 11, -1, NULL),
(35, 166, 10, -1, NULL),
(35, 170, 15, -1, NULL),
(35, 172, 14, -1, NULL),
(35, 209, 1, -1, NULL),
(35, 210, 2, -1, NULL),
(35, 232, 6, -1, NULL),
(35, 236, 7, -1, NULL),
(35, 237, 8, -1, NULL),
(35, 241, 12, -1, NULL),
(35, 242, 13, -1, NULL),
(35, 249, 18, -1, NULL),
(35, 250, 16, -1, NULL),
(35, 251, 17, -1, NULL),
(36, 126, 1, -1, NULL),
(36, 149, 2, -1, NULL),
(36, 152, 7, -1, NULL),
(36, 157, 5, -1, NULL),
(36, 160, 9, -1, NULL),
(36, 165, 10, -1, NULL),
(36, 166, 11, -1, NULL),
(36, 168, 17, -1, NULL),
(36, 170, 18, -1, NULL),
(36, 213, 3, -1, NULL),
(36, 226, 4, -1, NULL),
(36, 228, 6, -1, NULL),
(36, 240, 8, -1, NULL),
(36, 241, 13, -1, NULL),
(36, 242, 12, -1, NULL),
(36, 245, 16, -1, NULL),
(36, 249, 15, -1, NULL),
(36, 252, 14, -1, NULL),
(37, 126, 1, -1, NULL),
(37, 136, 2, -1, NULL),
(37, 153, 5, -1, NULL),
(37, 155, 8, -1, NULL),
(37, 164, 7, -1, NULL),
(37, 165, 12, -1, NULL),
(37, 166, 11, -1, NULL),
(37, 173, 17, -1, NULL),
(37, 174, 15, -1, NULL),
(37, 178, 16, -1, NULL),
(37, 208, 3, -1, NULL),
(37, 227, 4, -1, NULL),
(37, 230, 6, -1, NULL),
(37, 235, 9, -1, NULL),
(37, 241, 13, -1, NULL),
(37, 242, 10, -1, NULL),
(37, 248, 14, -1, NULL),
(37, 251, 18, -1, NULL),
(38, 139, 3, -1, NULL),
(38, 151, 8, -1, NULL),
(38, 152, 7, -1, NULL),
(38, 158, 9, -1, NULL),
(38, 162, 5, -1, NULL),
(38, 165, 10, -1, NULL),
(38, 166, 12, -1, NULL),
(38, 173, 16, -1, NULL),
(38, 177, 18, -1, NULL),
(38, 180, 15, -1, NULL),
(38, 209, 2, -1, NULL),
(38, 215, 1, -1, NULL),
(38, 226, 4, -1, NULL),
(38, 228, 6, -1, NULL),
(38, 241, 13, -1, NULL),
(38, 242, 11, -1, NULL),
(38, 244, 17, -1, NULL),
(38, 251, 14, -1, NULL),
(39, 126, 1, -1, NULL),
(39, 134, 4, -1, NULL),
(39, 157, 5, -1, NULL),
(39, 158, 6, -1, NULL),
(39, 160, 9, -1, NULL),
(39, 165, 12, -1, NULL),
(39, 166, 13, -1, NULL),
(39, 175, 16, -1, NULL),
(39, 177, 18, -1, NULL),
(39, 178, 17, -1, NULL),
(39, 209, 2, -1, NULL),
(39, 227, 3, -1, NULL),
(39, 228, 8, -1, NULL),
(39, 241, 11, -1, NULL),
(39, 242, 10, -1, NULL),
(39, 251, 14, -1, NULL),
(39, 252, 15, -1, NULL),
(39, 254, 7, -1, NULL),
(40, 61, 1, -1, 8),
(40, 75, 4, 0.22, 21),
(40, 93, 7, -1, NULL),
(40, 95, 9, -1, NULL),
(40, 97, 8, -1, NULL),
(40, 98, 6, 1, 3),
(40, 102, 10, -1, NULL),
(40, 104, 11, -1, NULL),
(40, 105, 12, -1, NULL),
(40, 108, 16, -1, NULL),
(40, 123, 15, -1, NULL),
(40, 125, 14, -1, NULL),
(40, 183, 2, 1, 8),
(40, 193, 3, 1, 10),
(40, 206, 17, -1, NULL),
(40, 218, 5, 0, 2),
(40, 221, 13, -1, NULL),
(41, 61, 1, 1, 6),
(41, 76, 2, 0, 2),
(41, 84, 5, 1, 4),
(41, 87, 3, 1, 11),
(41, 95, 6, 1, 5),
(41, 99, 7, 1, 10),
(41, 104, 12, 1, 3),
(41, 105, 11, 1, 8),
(41, 118, 17, 1, 2),
(41, 121, 13, 1, 219),
(41, 184, 4, 1, 9),
(41, 198, 9, 1, 17),
(41, 199, 10, 0.33, 17),
(41, 202, 14, 0, 12),
(41, 206, 15, 1, 5),
(41, 219, 16, 1, 3),
(41, 255, 8, 1, 5),
(42, 126, 4, -1, NULL),
(42, 135, 1, -1, NULL),
(42, 147, 3, -1, NULL),
(42, 152, 9, -1, NULL),
(42, 161, 6, -1, NULL),
(42, 165, 11, -1, NULL),
(42, 166, 12, -1, NULL),
(42, 179, 15, -1, NULL),
(42, 209, 2, -1, NULL),
(42, 230, 5, -1, NULL),
(42, 235, 7, -1, NULL),
(42, 237, 8, -1, NULL),
(42, 241, 13, -1, NULL),
(42, 242, 10, -1, NULL),
(42, 246, 14, -1, NULL),
(42, 247, 18, -1, NULL),
(42, 249, 16, -1, NULL),
(42, 251, 17, -1, NULL),
(43, 147, 3, -1, NULL),
(43, 153, 8, -1, NULL),
(43, 155, 9, -1, NULL),
(43, 161, 6, -1, NULL),
(43, 165, 12, -1, NULL),
(43, 166, 11, -1, NULL),
(43, 170, 15, -1, NULL),
(43, 171, 16, -1, NULL),
(43, 180, 18, -1, NULL),
(43, 212, 1, -1, NULL),
(43, 213, 2, -1, NULL),
(43, 214, 4, -1, NULL),
(43, 236, 5, -1, NULL),
(43, 240, 7, -1, NULL),
(43, 241, 13, -1, NULL),
(43, 242, 10, -1, NULL),
(43, 250, 14, -1, NULL),
(43, 251, 17, -1, NULL),
(44, 70, 3, -1, NULL),
(44, 84, 1, -1, NULL),
(44, 95, 6, -1, NULL),
(44, 97, 8, -1, NULL),
(44, 98, 5, -1, NULL),
(44, 104, 10, -1, NULL),
(44, 105, 11, -1, NULL),
(44, 106, 14, -1, NULL),
(44, 120, 13, -1, NULL),
(44, 185, 4, -1, NULL),
(44, 194, 2, -1, NULL),
(44, 198, 9, -1, NULL),
(44, 199, 7, -1, NULL),
(44, 205, 16, -1, NULL),
(44, 207, 12, -1, NULL),
(44, 221, 15, -1, NULL),
(45, 70, 4, -1, NULL),
(45, 81, 3, -1, NULL),
(45, 94, 7, -1, NULL),
(45, 96, 6, -1, NULL),
(45, 102, 5, -1, NULL),
(45, 104, 10, -1, NULL),
(45, 105, 11, -1, NULL),
(45, 118, 15, -1, NULL),
(45, 119, 16, -1, NULL),
(45, 121, 12, -1, NULL),
(45, 125, 13, -1, NULL),
(45, 185, 1, -1, NULL),
(45, 195, 9, -1, NULL),
(45, 207, 14, -1, NULL),
(45, 255, 8, -1, NULL),
(45, 256, 2, -1, NULL),
(46, 65, 3, -1, NULL),
(46, 75, 1, -1, NULL),
(46, 76, 4, -1, NULL),
(46, 94, 6, -1, NULL),
(46, 95, 5, -1, NULL),
(46, 97, 7, -1, NULL),
(46, 98, 8, -1, NULL),
(46, 104, 10, -1, NULL),
(46, 105, 11, -1, NULL),
(46, 108, 16, -1, NULL),
(46, 110, 12, -1, NULL),
(46, 195, 9, -1, NULL),
(46, 200, 13, -1, NULL),
(46, 204, 14, -1, NULL),
(46, 205, 15, -1, NULL),
(46, 218, 2, -1, NULL),
(47, 75, 4, -1, NULL),
(47, 76, 3, -1, NULL),
(47, 79, 2, -1, NULL),
(47, 97, 5, -1, NULL),
(47, 99, 8, -1, NULL),
(47, 102, 7, -1, NULL),
(47, 104, 11, -1, NULL),
(47, 105, 10, -1, NULL),
(47, 107, 13, -1, NULL),
(47, 110, 15, -1, NULL),
(47, 195, 9, -1, NULL),
(47, 200, 16, -1, NULL),
(47, 202, 12, -1, NULL),
(47, 206, 14, -1, NULL),
(47, 218, 1, -1, NULL),
(47, 255, 6, -1, NULL),
(48, 63, 4, -1, NULL),
(48, 76, 1, -1, NULL),
(48, 84, 2, -1, NULL),
(48, 96, 7, -1, NULL),
(48, 98, 6, -1, NULL),
(48, 104, 11, -1, NULL),
(48, 105, 10, -1, NULL),
(48, 110, 15, -1, NULL),
(48, 118, 16, -1, NULL),
(48, 123, 13, -1, NULL),
(48, 125, 14, -1, NULL),
(48, 198, 8, -1, NULL),
(48, 199, 9, -1, NULL),
(48, 203, 12, -1, NULL),
(48, 255, 5, -1, NULL),
(48, 256, 3, -1, NULL),
(49, 134, 2, -1, NULL),
(49, 135, 3, -1, NULL),
(49, 152, 5, -1, NULL),
(49, 153, 9, -1, NULL),
(49, 161, 7, -1, NULL),
(49, 165, 12, -1, NULL),
(49, 166, 11, -1, NULL),
(49, 168, 18, -1, NULL),
(49, 176, 14, -1, NULL),
(49, 177, 16, -1, NULL),
(49, 211, 4, -1, NULL),
(49, 226, 1, -1, NULL),
(49, 232, 6, -1, NULL),
(49, 239, 8, -1, NULL),
(49, 241, 13, -1, NULL),
(49, 242, 10, -1, NULL),
(49, 246, 17, -1, NULL),
(49, 248, 15, -1, NULL),
(50, 68, 1, -1, NULL),
(50, 72, 3, -1, NULL),
(50, 79, 4, -1, NULL),
(50, 96, 8, -1, NULL),
(50, 98, 6, -1, NULL),
(50, 102, 9, -1, NULL),
(50, 104, 10, -1, NULL),
(50, 105, 11, -1, NULL),
(50, 107, 13, -1, NULL),
(50, 119, 12, -1, NULL),
(50, 194, 2, -1, NULL),
(50, 198, 5, -1, NULL),
(50, 199, 7, -1, NULL),
(50, 206, 15, -1, NULL),
(50, 207, 16, -1, NULL),
(50, 221, 14, -1, NULL),
(51, 2, 1, 1, 2),
(51, 15, 5, 1, 2),
(51, 18, 4, 1, 6),
(51, 29, 3, 1, 5),
(51, 34, 6, 1, 6),
(51, 36, 9, 1, 16),
(51, 37, 8, 1, 19),
(51, 39, 10, 1, 3),
(51, 40, 7, 1, 5),
(51, 41, 13, 1, 4),
(51, 42, 14, 1, 4),
(51, 43, 12, 1, 3),
(51, 44, 15, 1, 8),
(51, 45, 11, 1, 4),
(51, 51, 20, 1, 1),
(51, 53, 16, 1, 2),
(51, 54, 17, 1, 3),
(51, 55, 18, 1, 1),
(51, 58, 2, 1, 6),
(51, 186, 19, 1, 2),
(52, 149, 4, -1, NULL),
(52, 161, 9, -1, NULL),
(52, 162, 5, -1, NULL),
(52, 165, 12, -1, NULL),
(52, 166, 13, -1, NULL),
(52, 168, 16, -1, NULL),
(52, 171, 14, -1, NULL),
(52, 172, 18, -1, NULL),
(52, 177, 15, -1, NULL),
(52, 208, 1, -1, NULL),
(52, 222, 3, -1, NULL),
(52, 223, 2, -1, NULL),
(52, 230, 8, -1, NULL),
(52, 233, 6, -1, NULL),
(52, 237, 7, -1, NULL),
(52, 241, 10, -1, NULL),
(52, 242, 11, -1, NULL),
(52, 246, 17, -1, NULL),
(53, 2, 1, -1, 5),
(53, 20, 2, -1, NULL),
(53, 25, 3, -1, NULL),
(53, 26, 4, -1, NULL),
(53, 27, 5, -1, NULL),
(53, 33, 7, -1, NULL),
(53, 34, 8, -1, NULL),
(53, 38, 6, -1, NULL),
(53, 39, 10, -1, NULL),
(53, 40, 9, -1, NULL),
(53, 41, 12, -1, NULL),
(53, 42, 15, -1, NULL),
(53, 43, 11, -1, NULL),
(53, 44, 14, -1, NULL),
(53, 45, 13, -1, NULL),
(53, 49, 17, -1, NULL),
(53, 51, 18, -1, NULL),
(53, 52, 16, -1, NULL),
(53, 55, 19, -1, NULL),
(53, 187, 20, -1, NULL),
(54, 64, 4, -1, NULL),
(54, 67, 3, -1, NULL),
(54, 87, 1, -1, NULL),
(54, 98, 5, -1, NULL),
(54, 99, 6, -1, NULL),
(54, 102, 8, -1, NULL),
(54, 104, 11, -1, NULL),
(54, 105, 10, -1, NULL),
(54, 106, 13, -1, NULL),
(54, 108, 12, -1, NULL),
(54, 119, 14, -1, NULL),
(54, 123, 16, -1, NULL),
(54, 185, 2, -1, NULL),
(54, 199, 9, -1, NULL),
(54, 206, 15, -1, NULL),
(54, 255, 7, -1, NULL),
(55, 59, 1, 1, 18),
(55, 83, 3, 1, 13),
(55, 84, 5, 1, 21),
(55, 86, 2, 1, 17),
(55, 91, 4, 1, 16),
(55, 93, 9, 1, 8),
(55, 95, 6, 1, 18),
(55, 97, 10, 1, 18),
(55, 98, 8, 1, 5),
(55, 102, 7, 1, 11),
(55, 104, 15, 1, 10),
(55, 105, 13, 1, 10),
(55, 106, 18, 1, 14),
(55, 111, 19, 1, 45),
(55, 115, 16, 1, 4),
(55, 116, 17, 1, 6),
(55, 117, 20, 1, 3),
(55, 257, 14, 1, 7),
(55, 258, 12, 1, 10),
(55, 259, 11, 1, 13),
(56, 126, 1, 1, 36),
(56, 136, 5, 1, 8),
(56, 140, 4, 1, 6),
(56, 141, 2, 1, 11),
(56, 150, 3, 1, 7),
(56, 154, 9, 0.5, 11),
(56, 158, 7, 1, 5),
(56, 160, 10, 1, 13),
(56, 161, 8, 1, 17),
(56, 165, 12, 0, 7),
(56, 166, 11, 0, 6),
(56, 168, 18, 1, 19),
(56, 176, 16, 1, 12),
(56, 177, 20, 1, 6),
(56, 179, 17, 1, 5),
(56, 241, 13, 0, 11),
(56, 242, 14, 0, 7),
(56, 251, 19, 1, 5),
(56, 264, 6, 1, 8),
(56, 265, 15, 0, 7),
(57, 61, 1, 1, 10),
(57, 80, 5, 1, 8),
(57, 84, 4, 1, 19),
(57, 87, 2, 1, 14),
(57, 91, 3, 1, 15),
(57, 94, 8, 1, 11),
(57, 96, 10, 1, 11),
(57, 99, 7, 1, 10),
(57, 101, 9, 0.33, 29),
(57, 103, 6, 1, 9),
(57, 104, 12, 1, 6),
(57, 105, 15, 1, 27),
(57, 106, 16, 1, 25),
(57, 107, 17, 1, 13),
(57, 108, 20, 1, 30),
(57, 111, 19, 0, 14),
(57, 118, 18, 1, 5),
(57, 257, 13, 1, 8),
(57, 258, 14, 1, 3),
(57, 259, 11, 1, 17),
(58, 77, 2, 1, 4),
(58, 126, 1, 1, 33),
(58, 137, 5, 1, 12),
(58, 146, 3, 0, 5),
(58, 148, 4, 1, 2),
(58, 151, 8, 1, 20),
(58, 152, 7, 1, 8),
(58, 153, 9, 1, 6),
(58, 160, 6, 1, 20),
(58, 165, 12, 1, 3),
(58, 166, 15, 0, 9),
(58, 170, 17, 1, 207),
(58, 173, 18, 1, 5),
(58, 174, 19, 1, 5),
(58, 180, 20, 1, 50),
(58, 241, 13, 1, 27),
(58, 242, 14, 1, 3),
(58, 248, 16, 1, 5),
(58, 262, 10, 1, 5),
(58, 265, 11, 1, 5),
(59, 77, 3, 0, 2),
(59, 126, 1, 1, 19),
(59, 136, 4, 1, 9),
(59, 140, 2, 1, 7),
(59, 148, 5, 0, 2),
(59, 157, 10, 0.14, 11),
(59, 158, 8, 0, 3),
(59, 160, 6, 0, 12),
(59, 165, 12, 1, 2),
(59, 166, 13, 1, 7),
(59, 168, 18, 1, 17),
(59, 174, 16, 1, 3),
(59, 175, 20, 1, 4),
(59, 178, 17, 1, 2),
(59, 241, 14, 1, 12),
(59, 242, 11, 0, 3),
(59, 250, 19, 1, 7),
(59, 261, 7, 0, 5),
(59, 264, 9, 1, 5),
(59, 265, 15, 1, 2),
(60, 3, 1, 0.6, 9),
(60, 11, 2, 1, 2),
(60, 17, 4, 1, 2),
(60, 27, 3, 1, 2),
(60, 28, 5, 1, 8),
(60, 34, 10, 1, 24),
(60, 35, 6, 1, 19),
(60, 37, 8, 0.67, 23),
(60, 39, 9, 1, 11),
(60, 40, 7, 1, 3),
(60, 41, 12, 1, 4),
(60, 42, 15, 1, 6),
(60, 43, 13, 1, 8),
(60, 44, 14, 1, 3),
(60, 45, 11, 1, 3),
(60, 47, 19, 1, 12),
(60, 49, 20, 1, 3),
(60, 55, 18, 1, 2),
(60, 187, 17, 1, 1),
(60, 188, 16, 1, 4),
(61, 61, 1, 1, 15),
(61, 64, 4, 1, 8),
(61, 66, 2, 0.5, 13),
(61, 79, 5, 1, 5),
(61, 83, 3, 0, 15),
(61, 94, 9, 1, 12),
(61, 97, 6, 0.71, 18),
(61, 98, 7, 1, 5),
(61, 101, 10, 0.33, 24),
(61, 102, 8, 0.67, 5),
(61, 104, 12, 1, 12),
(61, 105, 11, 1, 19),
(61, 107, 17, 1, 17),
(61, 121, 16, 1, 62),
(61, 122, 20, 1, 11),
(61, 123, 19, 1, 9),
(61, 125, 18, 0.33, 37),
(61, 257, 14, 1, 4),
(61, 258, 13, 1, 6),
(61, 259, 15, 1, 18),
(62, 59, 1, 1, 169),
(62, 64, 5, 1, 14),
(62, 75, 2, 0.33, 44),
(62, 86, 4, 0, 18),
(62, 90, 3, 0, 19),
(62, 92, 9, 1, 14),
(62, 99, 10, 0, 8),
(62, 100, 8, 0, 606),
(62, 101, 7, 0.33, 25),
(62, 103, 6, 1, 9),
(62, 104, 15, 0, 2),
(62, 105, 14, 0, 4),
(62, 108, 17, 0, 3),
(62, 109, 19, 1, 7),
(62, 111, 20, 0, 6),
(62, 117, 18, 1, 5),
(62, 122, 16, 1, 6),
(62, 257, 13, 0, 1),
(62, 258, 12, 1, 4),
(62, 259, 11, 0, 239),
(63, 59, 1, 1, 49),
(63, 67, 5, 1, 25),
(63, 81, 2, 1, 38),
(63, 85, 4, 1, 60),
(63, 89, 3, 1, 58),
(63, 95, 9, 1, 27),
(63, 96, 8, 1, 26),
(63, 97, 10, 1, 33),
(63, 99, 7, 1, 109),
(63, 101, 6, 0.33, 30),
(63, 104, 13, 1, 41),
(63, 105, 14, 1, 31),
(63, 109, 18, 1, 20),
(63, 114, 16, 1, 23),
(63, 117, 17, 1, 11),
(63, 119, 20, 1, 8),
(63, 123, 19, 1, 24),
(63, 257, 11, 1, 10),
(63, 258, 15, 1, 13),
(63, 259, 12, 0, 29),
(64, 126, 1, 1, 56),
(64, 136, 2, 1, 19),
(64, 137, 3, 1, 51),
(64, 138, 5, 1, 16),
(64, 142, 4, 1, 29),
(64, 152, 9, 1, 16),
(64, 153, 10, 1, 9),
(64, 156, 8, 1, 18),
(64, 162, 7, 0.33, 32),
(64, 165, 11, 1, 12),
(64, 166, 14, 1, 43),
(64, 168, 17, 1, 52),
(64, 171, 19, 1, 38),
(64, 175, 20, 1, 8),
(64, 177, 16, 1, 20),
(64, 178, 18, 1, 9),
(64, 241, 12, 1, 83),
(64, 242, 13, 1, 11),
(64, 264, 6, 1, 10),
(64, 265, 15, 1, 7),
(65, 126, 1, 1, 23),
(65, 133, 3, 1, 6),
(65, 141, 2, 1, 13),
(65, 147, 4, 1, 9),
(65, 152, 9, 1, 25),
(65, 153, 7, 1, 12),
(65, 156, 10, 1, 5),
(65, 157, 8, 1, 17),
(65, 161, 6, 1, 18),
(65, 165, 11, 1, 8),
(65, 166, 14, 1, 12),
(65, 169, 16, 1, 18),
(65, 170, 17, 1, 27),
(65, 173, 18, 1, 6),
(65, 208, 5, 1, 17),
(65, 241, 13, 1, 29),
(65, 242, 15, 1, 19),
(65, 249, 19, 1, 4),
(65, 250, 20, 1, 3),
(65, 265, 12, 1, 4),
(66, 1, 1, 1, 76),
(66, 18, 4, 1, 21),
(66, 19, 2, 1, 27),
(66, 20, 3, 1, 58),
(66, 27, 5, 1, 14),
(66, 32, 6, 0.33, 53),
(66, 34, 7, 1, 38),
(66, 35, 10, 0.33, 22),
(66, 36, 9, 1, 34),
(66, 39, 8, 1, 10),
(66, 41, 14, 1, 39),
(66, 42, 13, 1, 22),
(66, 43, 12, 0, 12),
(66, 44, 11, 1, 129),
(66, 45, 15, 1, 84),
(66, 46, 19, 1, 19),
(66, 47, 20, 1, 63),
(66, 49, 16, 1, 26),
(66, 52, 17, 1, 12),
(66, 188, 18, 0, 22),
(67, 3, 1, 1, 98),
(67, 20, 3, 1, 98),
(67, 24, 5, 1, 83),
(67, 28, 2, 1, 27),
(67, 31, 4, 1, 13),
(67, 32, 8, 1, 21),
(67, 33, 9, 1, 19),
(67, 34, 7, 1, 39),
(67, 38, 6, 0, 124),
(67, 40, 10, 1, 22),
(67, 41, 13, 1, 13),
(67, 42, 11, 1, 29),
(67, 43, 14, 1, 34),
(67, 44, 12, 1, 71),
(67, 45, 15, 1, 46),
(67, 49, 18, 1, 5),
(67, 50, 20, 1, 3),
(67, 52, 17, 1, 6),
(67, 54, 16, 1, 11),
(67, 186, 19, 1, 6),
(68, 126, 1, 0, 50),
(68, 127, 2, 0, 14),
(68, 132, 5, 1, 15),
(68, 147, 4, 1, 15),
(68, 150, 3, 1, 19),
(68, 153, 8, 1, 11),
(68, 156, 6, 1, 17),
(68, 162, 9, 0.33, 30),
(68, 165, 13, 1, 10),
(68, 166, 15, 1, 34),
(68, 168, 20, 1, 60),
(68, 169, 19, 1, 179),
(68, 172, 16, 1, 15),
(68, 175, 17, 1, 10),
(68, 176, 18, 1, 5),
(68, 241, 11, 1, 46),
(68, 242, 14, 1, 104),
(68, 263, 10, 0, 24),
(68, 264, 7, 0, 9),
(68, 265, 12, 0, 42),
(69, 61, 1, 0.4, 33),
(69, 80, 5, 1, 102),
(69, 84, 3, 1, 47),
(69, 90, 2, 1, 34),
(69, 93, 9, 1, 81),
(69, 98, 6, 1, 9),
(69, 99, 10, 1, 279),
(69, 101, 7, 0.33, 37),
(69, 102, 8, 0.67, 35),
(69, 104, 11, 0, 80),
(69, 105, 13, 1, 63),
(69, 111, 19, 1, 276),
(69, 114, 16, 1, 32),
(69, 116, 20, 0, 42),
(69, 123, 17, 1, 72),
(69, 125, 18, 0, 40),
(69, 183, 4, 1, 29),
(69, 257, 15, 1, 10),
(69, 258, 14, 1, 11),
(69, 259, 12, 0, 81),
(70, 59, 1, 0.8, 72),
(70, 78, 4, 1, 4),
(70, 82, 3, 1, 6),
(70, 86, 5, 1, 11),
(70, 87, 2, 0, 25),
(70, 92, 8, 1, 11),
(70, 94, 6, 1, 9),
(70, 95, 9, 1, 7),
(70, 97, 7, 1, 22),
(70, 98, 10, 1, 3),
(70, 104, 13, 1, 3),
(70, 105, 11, 1, 15),
(70, 107, 16, 1, 20),
(70, 112, 17, 1, 5),
(70, 118, 18, 1, 2),
(70, 119, 20, 1, 3),
(70, 122, 19, 1, 105),
(70, 257, 14, 1, 1),
(70, 258, 12, 1, 3),
(70, 259, 15, 1, 9),
(71, 126, 1, 0.6, 17),
(71, 133, 4, 1, 3),
(71, 136, 2, 1, 11),
(71, 138, 3, 1, 11),
(71, 151, 10, 1, 24),
(71, 152, 7, 1, 11),
(71, 154, 8, 0.25, 8),
(71, 158, 6, 1, 6),
(71, 161, 9, 1, 17),
(71, 165, 13, 1, 2),
(71, 166, 14, 1, 10),
(71, 168, 18, 0, 6),
(71, 169, 17, 0, 6),
(71, 170, 20, 0, 4),
(71, 178, 16, 1, 2),
(71, 179, 19, 1, 5),
(71, 241, 11, 1, 15),
(71, 242, 12, 0, 39),
(71, 260, 5, 1, 5),
(71, 265, 15, 1, 2),
(72, 59, 1, 1, 8),
(72, 67, 5, 1, 4),
(72, 70, 3, 0.5, 28),
(72, 74, 4, 1, 10),
(72, 88, 2, 0, 7),
(72, 93, 6, 1, 6),
(72, 94, 9, 1, 8),
(72, 98, 8, 1, 1),
(72, 101, 7, 0, 63),
(72, 103, 10, 1, 6),
(72, 104, 13, 1, 2),
(72, 105, 11, 0, 2),
(72, 111, 20, 0, 4),
(72, 115, 17, 1, 1),
(72, 116, 16, 1, 2),
(72, 117, 19, 0, 2),
(72, 122, 18, 0, 36),
(72, 257, 14, 1, 2),
(72, 258, 12, 1, 2),
(72, 259, 15, 0, 2),
(73, 126, 1, 1, 2),
(73, 129, 2, 0, 4),
(73, 132, 3, 0, 1),
(73, 135, 4, 0.33, 3),
(73, 137, 5, 0.25, 1),
(73, 152, 7, 0.2, 6),
(73, 157, 10, 0.14, 24),
(73, 161, 8, 0, 52),
(73, 162, 9, 0, 15),
(73, 165, 12, 0, 1),
(73, 166, 13, 0, 2),
(73, 172, 19, 0, 2),
(73, 176, 20, 0, 2),
(73, 177, 18, 0, 1),
(73, 180, 16, 0.4, 47),
(73, 241, 15, 0, 2),
(73, 242, 14, 0, 1),
(73, 248, 17, 0, 4),
(73, 262, 6, 1, 1),
(73, 265, 11, 1, 1),
(74, 126, 1, -1, 1),
(74, 136, 4, 0.33, 1),
(74, 139, 2, 0.5, 2),
(74, 146, 3, 0, 2),
(74, 150, 5, 0, 3),
(74, 152, 10, 0.2, 9),
(74, 153, 8, 0.33, 4),
(74, 156, 7, 1, 4),
(74, 165, 12, 0, 1),
(74, 166, 14, 0, 2),
(74, 169, 20, 0, 1),
(74, 171, 16, 0, 1),
(74, 175, 19, 1, 1),
(74, 178, 17, 0, 1),
(74, 241, 11, 0, 2),
(74, 242, 15, 0, 1),
(74, 249, 18, 0, 1),
(74, 262, 9, 1, 1),
(74, 264, 6, 0, 1),
(74, 265, 13, 1, 1),
(75, 59, 1, 0, 1),
(75, 68, 5, 0, 0),
(75, 72, 2, 0.56, 1),
(75, 78, 3, 1, 1),
(75, 88, 4, 1, 2),
(75, 95, 6, 0.33, 5),
(75, 96, 8, 0.33, 4),
(75, 97, 9, 0.14, 11),
(75, 98, 7, 1, 2),
(75, 99, 10, 0, 2),
(75, 104, 13, 1, 1),
(75, 105, 11, 0, 1),
(75, 106, 16, 0, 1),
(75, 114, 19, 0, 2),
(75, 116, 18, 0, 1),
(75, 119, 17, 0, 1),
(75, 123, 20, 0.33, 25),
(75, 257, 14, 0, 1),
(75, 258, 12, 0, 1),
(75, 259, 15, 0, 2);

--
-- Índices para tablas volcadas
--

--
-- Indices de la tabla `actividad`
--
ALTER TABLE `actividad`
  ADD PRIMARY KEY (`actividad_id`),
  ADD KEY `actividad_nivel_fk_idx` (`nivel_id`),
  ADD KEY `fk_actividad_grado1_idx` (`grado_id`),
  ADD KEY `actividad_categoria_fk_idx` (`categoria_id`);

--
-- Indices de la tabla `actividad_habilidad`
--
ALTER TABLE `actividad_habilidad`
  ADD PRIMARY KEY (`actividad_id`,`habilidad_id`),
  ADD UNIQUE KEY `actividad_id_habilidad_id_UNIQUE` (`actividad_id`,`habilidad_id`),
  ADD KEY `fk_actividad_habilidades_actividad1_idx` (`actividad_id`),
  ADD KEY `fk_actividad_habilidades_habilidad1_idx` (`habilidad_id`);

--
-- Indices de la tabla `actividad_previa`
--
ALTER TABLE `actividad_previa`
  ADD PRIMARY KEY (`actividad_previa_id`);

--
-- Indices de la tabla `administrador`
--
ALTER TABLE `administrador`
  ADD PRIMARY KEY (`administrador_id`),
  ADD UNIQUE KEY `email_UNIQUE` (`email`);

--
-- Indices de la tabla `categoria`
--
ALTER TABLE `categoria`
  ADD PRIMARY KEY (`categoria_id`),
  ADD KEY `fk_habilidad_nivel1_idx` (`nivel_id`);

--
-- Indices de la tabla `docente`
--
ALTER TABLE `docente`
  ADD PRIMARY KEY (`docente_id`),
  ADD UNIQUE KEY `email_UNIQUE` (`email`),
  ADD KEY `fk_docente_institucion1_idx` (`institucion_id`);

--
-- Indices de la tabla `estudiante`
--
ALTER TABLE `estudiante`
  ADD PRIMARY KEY (`estudiante_id`),
  ADD UNIQUE KEY `usuario_UNIQUE` (`usuario`),
  ADD KEY `docente_fk_idx` (`docente_id`),
  ADD KEY `fk_estudiante_grado1_idx` (`grado_id`);

--
-- Indices de la tabla `evidencia_actividad`
--
ALTER TABLE `evidencia_actividad`
  ADD PRIMARY KEY (`prueba_id`,`actividad_id`),
  ADD KEY `fk_evidencia_actividad_manual_prueba_actividad1_idx` (`prueba_id`,`actividad_id`);

--
-- Indices de la tabla `grado`
--
ALTER TABLE `grado`
  ADD PRIMARY KEY (`grado_id`);

--
-- Indices de la tabla `habilidad`
--
ALTER TABLE `habilidad`
  ADD PRIMARY KEY (`habilidad_id`);

--
-- Indices de la tabla `institucion`
--
ALTER TABLE `institucion`
  ADD PRIMARY KEY (`institucion_id`);

--
-- Indices de la tabla `nivel`
--
ALTER TABLE `nivel`
  ADD PRIMARY KEY (`nivel_id`);

--
-- Indices de la tabla `prueba`
--
ALTER TABLE `prueba`
  ADD PRIMARY KEY (`prueba_id`),
  ADD KEY `fk_prueba_estudiante1_idx` (`estudiante_id`);

--
-- Indices de la tabla `prueba_actividad`
--
ALTER TABLE `prueba_actividad`
  ADD PRIMARY KEY (`prueba_id`,`actividad_id`),
  ADD UNIQUE KEY `prueba_actividad_uq` (`prueba_id`,`actividad_id`),
  ADD KEY `fk_prueba_actividad1_idx` (`actividad_id`),
  ADD KEY `fk_prueba_actividades_prueba1_idx` (`prueba_id`);

--
-- AUTO_INCREMENT de las tablas volcadas
--

--
-- AUTO_INCREMENT de la tabla `actividad`
--
ALTER TABLE `actividad`
  MODIFY `actividad_id` int(11) NOT NULL AUTO_INCREMENT, AUTO_INCREMENT=267;
--
-- AUTO_INCREMENT de la tabla `actividad_previa`
--
ALTER TABLE `actividad_previa`
  MODIFY `actividad_previa_id` int(11) NOT NULL AUTO_INCREMENT, AUTO_INCREMENT=4;
--
-- AUTO_INCREMENT de la tabla `administrador`
--
ALTER TABLE `administrador`
  MODIFY `administrador_id` int(11) NOT NULL AUTO_INCREMENT, AUTO_INCREMENT=3;
--
-- AUTO_INCREMENT de la tabla `categoria`
--
ALTER TABLE `categoria`
  MODIFY `categoria_id` int(11) NOT NULL AUTO_INCREMENT, AUTO_INCREMENT=19;
--
-- AUTO_INCREMENT de la tabla `docente`
--
ALTER TABLE `docente`
  MODIFY `docente_id` int(11) NOT NULL AUTO_INCREMENT, AUTO_INCREMENT=21;
--
-- AUTO_INCREMENT de la tabla `estudiante`
--
ALTER TABLE `estudiante`
  MODIFY `estudiante_id` int(11) NOT NULL AUTO_INCREMENT, AUTO_INCREMENT=133;
--
-- AUTO_INCREMENT de la tabla `grado`
--
ALTER TABLE `grado`
  MODIFY `grado_id` int(11) NOT NULL AUTO_INCREMENT, AUTO_INCREMENT=4;
--
-- AUTO_INCREMENT de la tabla `habilidad`
--
ALTER TABLE `habilidad`
  MODIFY `habilidad_id` int(11) NOT NULL AUTO_INCREMENT, AUTO_INCREMENT=13;
--
-- AUTO_INCREMENT de la tabla `institucion`
--
ALTER TABLE `institucion`
  MODIFY `institucion_id` int(11) NOT NULL AUTO_INCREMENT, AUTO_INCREMENT=6;
--
-- AUTO_INCREMENT de la tabla `nivel`
--
ALTER TABLE `nivel`
  MODIFY `nivel_id` int(11) NOT NULL AUTO_INCREMENT, AUTO_INCREMENT=5;
--
-- AUTO_INCREMENT de la tabla `prueba`
--
ALTER TABLE `prueba`
  MODIFY `prueba_id` int(11) NOT NULL AUTO_INCREMENT, AUTO_INCREMENT=76;
--
-- Restricciones para tablas volcadas
--

--
-- Filtros para la tabla `actividad`
--
ALTER TABLE `actividad`
  ADD CONSTRAINT `actividad_categoria_fk` FOREIGN KEY (`categoria_id`) REFERENCES `categoria` (`categoria_id`) ON DELETE NO ACTION ON UPDATE NO ACTION,
  ADD CONSTRAINT `actividad_grado_fk` FOREIGN KEY (`grado_id`) REFERENCES `grado` (`grado_id`) ON DELETE CASCADE ON UPDATE CASCADE,
  ADD CONSTRAINT `actividad_nivel_fk` FOREIGN KEY (`nivel_id`) REFERENCES `nivel` (`nivel_id`) ON DELETE CASCADE ON UPDATE CASCADE;

--
-- Filtros para la tabla `actividad_habilidad`
--
ALTER TABLE `actividad_habilidad`
  ADD CONSTRAINT `fk_actividad_habilidades_actividad1` FOREIGN KEY (`actividad_id`) REFERENCES `actividad` (`actividad_id`) ON DELETE CASCADE ON UPDATE CASCADE,
  ADD CONSTRAINT `fk_actividad_habilidades_habilidad1` FOREIGN KEY (`habilidad_id`) REFERENCES `habilidad` (`habilidad_id`) ON DELETE CASCADE ON UPDATE CASCADE;

--
-- Filtros para la tabla `categoria`
--
ALTER TABLE `categoria`
  ADD CONSTRAINT `fk_habilidad_nivel1` FOREIGN KEY (`nivel_id`) REFERENCES `nivel` (`nivel_id`) ON DELETE CASCADE ON UPDATE CASCADE;

--
-- Filtros para la tabla `docente`
--
ALTER TABLE `docente`
  ADD CONSTRAINT `docente_institucion_fk` FOREIGN KEY (`institucion_id`) REFERENCES `institucion` (`institucion_id`) ON DELETE CASCADE ON UPDATE CASCADE;

--
-- Filtros para la tabla `estudiante`
--
ALTER TABLE `estudiante`
  ADD CONSTRAINT `estudiante_docente_fk` FOREIGN KEY (`docente_id`) REFERENCES `docente` (`docente_id`) ON DELETE CASCADE ON UPDATE CASCADE,
  ADD CONSTRAINT `estudiante_grado_fk` FOREIGN KEY (`grado_id`) REFERENCES `grado` (`grado_id`) ON DELETE CASCADE ON UPDATE CASCADE;

--
-- Filtros para la tabla `evidencia_actividad`
--
ALTER TABLE `evidencia_actividad`
  ADD CONSTRAINT `fk_evidencia_actividad_manual_prueba_actividad1` FOREIGN KEY (`prueba_id`,`actividad_id`) REFERENCES `prueba_actividad` (`prueba_id`, `actividad_id`) ON DELETE CASCADE ON UPDATE CASCADE;

--
-- Filtros para la tabla `prueba`
--
ALTER TABLE `prueba`
  ADD CONSTRAINT `fk_prueba_estudiante1` FOREIGN KEY (`estudiante_id`) REFERENCES `estudiante` (`estudiante_id`) ON DELETE CASCADE ON UPDATE CASCADE;

--
-- Filtros para la tabla `prueba_actividad`
--
ALTER TABLE `prueba_actividad`
  ADD CONSTRAINT `fk_prueba_actividades_actividad1` FOREIGN KEY (`actividad_id`) REFERENCES `actividad` (`actividad_id`) ON DELETE CASCADE ON UPDATE CASCADE,
  ADD CONSTRAINT `fk_prueba_actividades_prueba1` FOREIGN KEY (`prueba_id`) REFERENCES `prueba` (`prueba_id`) ON DELETE CASCADE ON UPDATE CASCADE;

/*!40101 SET CHARACTER_SET_CLIENT=@OLD_CHARACTER_SET_CLIENT */;
/*!40101 SET CHARACTER_SET_RESULTS=@OLD_CHARACTER_SET_RESULTS */;
/*!40101 SET COLLATION_CONNECTION=@OLD_COLLATION_CONNECTION */;
